nodo,campus,capa,carga_inicial
DATCC-2A-C3,Campus Central,core,0.4467722892187181
CPAR-C10,Campus Paraiso,core,0.4042857142857143
ROUTER-CAMPUS-HUAYNA-CAPAC,Campus Paraiso,wan,0.36629779942279944
INTERNET-MPLS,Nube MPLS,wan,0.3656771541950111
PE2-CENTRAL,Campus Central,wan,0.2881219593898162
DT-0A-C13,Campus Balzay,core,0.2235036332714906
FORTIGATE-1800F-CENTRAL,Campus Central,interconexion,0.18628854875283454
DATCC-2A-C2,Campus Central,core,0.17059910327767486
FORTIGATE-1800F-BALZAY,Campus Balzay,interconexion,0.1490211296639867
PE2-BALZAY,Campus Balzay,wan,0.14603666769738194
ROUTER-CAMPUS-YANUNCAY,Campus Yanuncay,wan,0.1277922077922078
AGRPRI-1A-D10,Campus Yanuncay,agregacion,0.12142857142857143
CC-ARQUITECTURA-D107,Campus Central,agregacion,0.12123376623376624
BAL-AUL2-D1,Campus Balzay,agregacion,0.11071428571428571
ROUTER-CAMPUS-PARAISO,Campus Paraiso,wan,0.10182251082251086
CP-EADMINA1-D6,Campus Paraiso,agregacion,0.0890909090909091
CP-ODONTOLOGIA-D4,Campus Paraiso,agregacion,0.08883116883116883
DT-0A-C12,Campus Balzay,core,0.08331761492475781
CC-MONJAS-D126,Campus Central,agregacion,0.07811688311688311
PE1-CENTRAL,Campus Central,wan,0.06750984333127186
CP-POSGRADO-D2,Campus Paraiso,agregacion,0.06714285714285714
CB-EADMI-D6,Campus Balzay,agregacion,0.06701298701298701
CC-ECONOMIA-D51,Campus Central,agregacion,0.06701298701298701
CC-ADM-D40,Campus Central,agregacion,0.05616883116883117
BAL-CENTEC-D2,Campus Balzay,agregacion,0.05616883116883117
CP-INVESTIGACION-D5,Campus Paraiso,agregacion,0.0561038961038961
CP-TECMEDICO-D3,Campus Paraiso,agregacion,0.0561038961038961
CC-FILOSOFIA-A-D108,Campus Central,agregacion,0.055974025974025975
BAL-AUL1-D4,Campus Balzay,agregacion,0.045064935064935065
CC-JURISPRUDENCIA-D110,Campus Central,agregacion,0.045064935064935065
HOS-0A-D05,Campus Hospitalidad,agregacion,0.045064935064935065
CC-QUIMICA-D109,Campus Central,agregacion,0.045
CP-ENFERMERIA-D1,Campus Paraiso,agregacion,0.03383116883116883
CC-AETUC-D30,Campus Central,agregacion,0.03383116883116883
CC-PROMAS-D31,Campus Central,agregacion,0.03383116883116883
CC-PSICOLOGIA-D125,Campus Central,agregacion,0.02266233766233766
TECQUI-0A-A10,Campus Central,acceso,0.02266233766233766
CC-FILOSOFIA-B-D111,Campus Central,agregacion,0.02266233766233766
CC-BIBLIOTECA-D112,Campus Central,agregacion,0.02266233766233766
ODO-0C-A53,Campus Paraiso,acceso,0.02266233766233766
CCJ-CJURIDICO-D4,Campus Central,agregacion,0.02266233766233766
BAL-EADM-D3,Campus Balzay,agregacion,0.0225974025974026
POST-1A-A64,Campus Central,acceso,0.0225974025974026
ROUTER-L2TP-BALZAY,Campus Balzay,wan,0.014206709956709961
ODO-0B-A52,Campus Paraiso,acceso,0.011363636363636364
PRO-1A-A73,Campus Central,acceso,0.011363636363636364
POST-1A-A65,Campus Central,acceso,0.011363636363636364
ENF-2B-A22,Campus Paraiso,acceso,0.011363636363636364
MON-1B-A67,Campus Central,acceso,0.011363636363636364
POS-2C-A33,Campus Paraiso,acceso,0.011363636363636364
INV-1B-A62,Campus Paraiso,acceso,0.011363636363636364
AETUC-0A-A76,Campus Central,acceso,0.011363636363636364
TECMED-1A-A41,Campus Paraiso,acceso,0.011363636363636364
QUI-2A-A82,Campus Central,acceso,0.011363636363636364
ARQ-0D-A88,Campus Central,acceso,0.011363636363636364
ARQ-1E-A91,Campus Central,acceso,0.011363636363636364
ARQ-0A-A85,Campus Central,acceso,0.011363636363636364
QUIN-1A-A117,Campus Balzay,acceso,0.011363636363636364
SW-ARUBA-CENTRO-HISTORICO,Sede Centro Historico,acceso,0.009650613275613283
SW-ARUBA-MUSEO,Sede Museo,acceso,0.00722943722943723
PE1-BALZAY,Campus Balzay,wan,0.005585497835497831
ROUTER-CAMPUS-CENTRO-HISTORICO,Sede Centro Historico,wan,0.004409271284271284
ROUTER-CAMPUS-MUSEO,Sede Museo,wan,0.004404761904761905
MEDADM-1D-A14,Campus Paraiso,acceso,0.0
MEDADM-0G-A17,Campus Paraiso,acceso,0.0
TECMED-2C-A43,Campus Paraiso,acceso,0.0
MON-1C-A105,Campus Central,acceso,0.0
MON-1B-A68,Campus Central,acceso,0.0
LAC-0A-A17,Campus Yanuncay,acceso,0.0
MON-0A-A104,Campus Central,acceso,0.0
MON-0A-A103,Campus Central,acceso,0.0
TECMED-3D-A44,Campus Paraiso,acceso,0.0
MEDADM-0F-A16,Campus Paraiso,acceso,0.0
MICRORED-1A-A109,Campus Balzay,acceso,0.0
MEDADM-1E-A15,Campus Paraiso,acceso,0.0
VIN-0A-A72,Campus Central,acceso,0.0
MEDADM-1A-A11,Campus Paraiso,acceso,0.0
MEDADM-1B-A12,Campus Paraiso,acceso,0.0
MON-1C-A106,Campus Central,acceso,0.0
MEDADM-1H-A18,Campus Paraiso,acceso,0.0
MEDADM-1C-A13,Campus Paraiso,acceso,0.0
TECQUI-0A-A12,Campus Central,acceso,0.0
TECQUI-0A-A11,Campus Central,acceso,0.0
POST-2A-A66,Campus Central,acceso,0.0
TECMED-1A-A141,Campus Paraiso,acceso,0.0
ODO-0B-A152,Campus Paraiso,acceso,0.0
QUI-1A-A83,Campus Central,acceso,0.0
LAB-1A-A18,Campus Yanuncay,acceso,0.0
POSLAB-0D-A34,Campus Paraiso,acceso,0.0
PSIC-1A-A53,Campus Central,acceso,0.0
PSIC-2B-A54,Campus Central,acceso,0.0
POS-2C-A133,Campus Paraiso,acceso,0.0
POS-1B-A32,Campus Paraiso,acceso,0.0
POS-0A-A31,Campus Paraiso,acceso,0.0
POS-0A-A131,Campus Paraiso,acceso,0.0
QUI-0A-A78,Campus Central,acceso,0.0
QUI-2A-A81,Campus Central,acceso,0.0
ODO-0C-A153,Campus Paraiso,acceso,0.0
QUIN-1A-A128,Campus Balzay,acceso,0.0
ODO-1A-A51,Campus Paraiso,acceso,0.0
TALL-0A-A12,Campus Yanuncay,acceso,0.0
TEAT-0A-A75,Campus Central,acceso,0.0
TECMED-0B-A42,Campus Paraiso,acceso,0.0
ODO-1A-A151,Campus Paraiso,acceso,0.0
ODO-0C-A54,Campus Paraiso,acceso,0.0
PRO-3A-A74,Campus Central,acceso,0.0
ODO-0C-A154,Campus Paraiso,acceso,0.0
LABMAC-1A-A13,Campus Yanuncay,acceso,0.0
FILOA-0B-A56,Campus Central,acceso,0.0
JUR-1A-A62,Campus Central,acceso,0.0
AUL2-0A-A122,Campus Balzay,acceso,0.0
AUL2-01A-A24-SUB,Campus Balzay,acceso,0.0
AUL2-0A-A106,Campus Balzay,acceso,0.0
AUL2-0A-A118,Campus Balzay,acceso,0.0
AUL2-0A-A119,Campus Balzay,acceso,0.0
AUL2-0A-A120,Campus Balzay,acceso,0.0
AUL2-0A-A121,Campus Balzay,acceso,0.0
AUL2-0A-A123,Campus Balzay,acceso,0.0
JUR-1A-A61,Campus Central,acceso,0.0
BIB-2A-A16,Campus Yanuncay,acceso,0.0
BLOQUED-0A-A21,Campus Yanuncay,acceso,0.0
CC-BLOQUE-IQ,Campus Central,agregacion,0.0
CCADM-2A-A43,Campus Central,acceso,0.0
CCADM-2A-A44,Campus Central,acceso,0.0
CCADM-2A-A45,Campus Central,acceso,0.0
AUL2-01A-A124-SUBLAB2,Campus Balzay,acceso,0.0
AUL1-3A-A112,Campus Balzay,acceso,0.0
AUL1-3A-A104,Campus Balzay,acceso,0.0
AUL1-2A-A111,Campus Balzay,acceso,0.0
AUL1-2A-A110,Campus Balzay,acceso,0.0
ART-0A-A15,Campus Yanuncay,acceso,0.0
ARQ-1E-A92,Campus Central,acceso,0.0
ARQ-1C-A96,Campus Central,acceso,0.0
ARQ-1C-A86,Campus Central,acceso,0.0
ARQ-0G-A93-CEPAUC,Campus Central,acceso,0.0
ARQ-0D-A90,Campus Central,acceso,0.0
ARQ-0D-A89,Campus Central,acceso,0.0
ARQ-0B-A87,Campus Central,acceso,0.0
ARQ-0A-A84,Campus Central,acceso,0.0
ANF-0A-A14,Campus Yanuncay,acceso,0.0
AGRPRI-1A-A19,Campus Yanuncay,acceso,0.0
AETUCCF-2A-A79,Campus Central,acceso,0.0
CCBIB-1A-A71,Campus Central,acceso,0.0
CCJ-1A-A10,Campus Central,acceso,0.0
CCJ-1A-A11,Campus Central,acceso,0.0
ENF-2B-A122,Campus Paraiso,acceso,0.0
JUR-0A-A60,Campus Central,acceso,0.0
JUR-0A-A59,Campus Central,acceso,0.0
INV-1B-A162,Campus Paraiso,acceso,0.0
INV-1A-A61,Campus Paraiso,acceso,0.0
INV-1A-A161,Campus Paraiso,acceso,0.0
HOS-2A-A11,Campus Hospitalidad,acceso,0.0
HOS-1A-A12,Campus Hospitalidad,acceso,0.0
HOS-0A-A13,Campus Hospitalidad,acceso,0.0
HOS-0A-A10,Campus Hospitalidad,acceso,0.0
FILOB-2A-A57,Campus Central,acceso,0.0
FILOB-1B-A58,Campus Central,acceso,0.0
FILOA-2A-A55,Campus Central,acceso,0.0
AETUC-0A-A97,Campus Central,acceso,0.0
ENF-3A-A21,Campus Paraiso,acceso,0.0
ECOK3-0A-A63,Campus Central,acceso,0.0
CEA-0A-A108,Campus Balzay,acceso,0.0
ECOK2-1A-A52,Campus Central,acceso,0.0
ECOK1-1A-A102,Campus Central,acceso,0.0
ECOK1-1A-A101,Campus Central,acceso,0.0
EA-1A-A116,Campus Balzay,acceso,0.0
EA-1A-A115,Campus Balzay,acceso,0.0
EA-0A-A114,Campus Balzay,acceso,0.0
DAN-1A-A11,Campus Yanuncay,acceso,0.0
CTBLOQ3-0A-A103,Campus Balzay,acceso,0.0
CTBLOQ2-0A-A102,Campus Balzay,acceso,0.0
CTBLOQ1-0A-A101,Campus Balzay,acceso,0.0
CREDU-0B-A94,Campus Central,acceso,0.0
CMED-0A-A42,Campus Central,acceso,0.0
CENDIA-0A-A19,Campus Paraiso,acceso,0.0
CEN-1A-A20,Campus Yanuncay,acceso,0.0
VLIR-0A-A107,Campus Balzay,acceso,0.0
