nodo,campus,capa,grado_absoluto,centralidad_grado,intermediacion,cercania,vector_propio
AETUC-0A-A76,Campus Central,acceso,2,0.011363636363636364,0.011363636363636364,0.17688442211055277,0.027104059688696665
AETUC-0A-A97,Campus Central,acceso,1,0.005681818181818182,0.0,0.1765295887662989,0.026413991937849112
AETUCCF-2A-A79,Campus Central,acceso,1,0.005681818181818182,0.0,0.15042735042735042,0.004324770226588255
AGRPRI-1A-A19,Campus Yanuncay,acceso,1,0.005681818181818182,0.0,0.15813117699910154,0.0007755694782345353
AGRPRI-1A-D10,Campus Yanuncay,agregacion,12,0.06818181818181818,0.12142857142857143,0.18763326226012794,0.004860623753116772
ANF-0A-A14,Campus Yanuncay,acceso,1,0.005681818181818182,0.0,0.15813117699910154,0.0007755694782345353
ARQ-0A-A84,Campus Central,acceso,1,0.005681818181818182,0.0,0.15251299826689774,0.005163725946629241
ARQ-0A-A85,Campus Central,acceso,2,0.011363636363636364,0.011363636363636364,0.1797752808988764,0.03236193577020444
ARQ-0B-A87,Campus Central,acceso,1,0.005681818181818182,0.0,0.17940876656472987,0.03153800280669075
ARQ-0D-A88,Campus Central,acceso,2,0.011363636363636364,0.011363636363636364,0.1797752808988764,0.03236193577020444
ARQ-0D-A89,Campus Central,acceso,1,0.005681818181818182,0.0,0.15251299826689774,0.005163725946629241
ARQ-0D-A90,Campus Central,acceso,1,0.005681818181818182,0.0,0.17940876656472987,0.03153800280669075
ARQ-0G-A93-CEPAUC,Campus Central,acceso,1,0.005681818181818182,0.0,0.17940876656472987,0.03153800280669075
ARQ-1C-A86,Campus Central,acceso,1,0.005681818181818182,0.0,0.17940876656472987,0.03153800280669075
ARQ-1C-A96,Campus Central,acceso,1,0.005681818181818182,0.0,0.17940876656472987,0.03153800280669075
ARQ-1E-A91,Campus Central,acceso,2,0.011363636363636364,0.011363636363636364,0.1797752808988764,0.03236193577020444
ARQ-1E-A92,Campus Central,acceso,1,0.005681818181818182,0.0,0.15251299826689774,0.005163725946629241
ART-0A-A15,Campus Yanuncay,acceso,1,0.005681818181818182,0.0,0.15813117699910154,0.0007755694782345353
AUL1-2A-A110,Campus Balzay,acceso,1,0.005681818181818182,0.0,0.15813117699910154,0.0012995179973089735
AUL1-2A-A111,Campus Balzay,acceso,1,0.005681818181818182,0.0,0.15813117699910154,0.0012995179973089735
AUL1-3A-A104,Campus Balzay,acceso,1,0.005681818181818182,0.0,0.15813117699910154,0.0012995179973089735
AUL1-3A-A112,Campus Balzay,acceso,1,0.005681818181818182,0.0,0.15813117699910154,0.0012995179973089735
AUL2-01A-A124-SUBLAB2,Campus Balzay,acceso,1,0.005681818181818182,0.0,0.15985467756584923,0.001565836542261508
AUL2-01A-A24-SUB,Campus Balzay,acceso,1,0.005681818181818182,0.0,0.15985467756584923,0.001565836542261508
AUL2-0A-A106,Campus Balzay,acceso,1,0.005681818181818182,0.0,0.15985467756584923,0.001565836542261508
AUL2-0A-A118,Campus Balzay,acceso,1,0.005681818181818182,0.0,0.15985467756584923,0.001565836542261508
AUL2-0A-A119,Campus Balzay,acceso,1,0.005681818181818182,0.0,0.15985467756584923,0.001565836542261508
AUL2-0A-A120,Campus Balzay,acceso,1,0.005681818181818182,0.0,0.15985467756584923,0.001565836542261508
AUL2-0A-A121,Campus Balzay,acceso,1,0.005681818181818182,0.0,0.15985467756584923,0.001565836542261508
AUL2-0A-A122,Campus Balzay,acceso,1,0.005681818181818182,0.0,0.15985467756584923,0.001565836542261508
AUL2-0A-A123,Campus Balzay,acceso,1,0.005681818181818182,0.0,0.15985467756584923,0.001565836542261508
BAL-AUL1-D4,Campus Balzay,agregacion,6,0.03409090909090909,0.045064935064935065,0.18763326226012794,0.008144296314964009
BAL-AUL2-D1,Campus Balzay,agregacion,12,0.06818181818181818,0.11071428571428571,0.1900647948164147,0.009813358924355536
BAL-CENTEC-D2,Campus Balzay,agregacion,7,0.03977272727272727,0.05616883116883117,0.18803418803418803,0.008381896045628862
BAL-EADM-D3,Campus Balzay,agregacion,2,0.011363636363636364,0.0225974025974026,0.1592760180995475,0.0013353942362996953
BIB-2A-A16,Campus Yanuncay,acceso,1,0.005681818181818182,0.0,0.15813117699910154,0.0007755694782345353
BLOQUED-0A-A21,Campus Yanuncay,acceso,1,0.005681818181818182,0.0,0.15813117699910154,0.0007755694782345353
CB-EADMI-D6,Campus Balzay,agregacion,6,0.03409090909090909,0.06701298701298701,0.18843683083511778,0.008150494182740628
CC-ADM-D40,Campus Central,agregacion,7,0.03977272727272727,0.05616883116883117,0.21515892420537897,0.17990309161084542
CC-AETUC-D30,Campus Central,agregacion,4,0.022727272727272728,0.03383116883116883,0.2141119221411192,0.16554091349346242
CC-ARQUITECTURA-D107,Campus Central,agregacion,10,0.05681818181818182,0.12123376623376624,0.21836228287841192,0.19765394822669904
CC-BIBLIOTECA-D112,Campus Central,agregacion,4,0.022727272727272728,0.02266233766233766,0.21359223300970873,0.16542489758393691
CC-BLOQUE-IQ,Campus Central,agregacion,2,0.011363636363636364,0.0,0.21256038647342995,0.15700148143348558
CC-ECONOMIA-D51,Campus Central,agregacion,6,0.03409090909090909,0.06701298701298701,0.21568627450980393,0.17506967600657022
CC-FILOSOFIA-A-D108,Campus Central,agregacion,5,0.02840909090909091,0.055974025974025975,0.21515892420537897,0.17011068880236171
CC-FILOSOFIA-B-D111,Campus Central,agregacion,4,0.022727272727272728,0.02266233766233766,0.21359223300970873,0.16542489758393691
CC-JURISPRUDENCIA-D110,Campus Central,agregacion,6,0.03409090909090909,0.045064935064935065,0.2146341463414634,0.17480342025586842
CC-MONJAS-D126,Campus Central,agregacion,8,0.045454545454545456,0.07811688311688311,0.21621621621621623,0.18545485270489273
CC-PROMAS-D31,Campus Central,agregacion,4,0.022727272727272728,0.03383116883116883,0.2141119221411192,0.16554091349346242
CC-PSICOLOGIA-D125,Campus Central,agregacion,4,0.022727272727272728,0.02266233766233766,0.21359223300970873,0.16542489758393691
CC-QUIMICA-D109,Campus Central,agregacion,5,0.02840909090909091,0.045,0.2146341463414634,0.17010740012970924
CCADM-2A-A43,Campus Central,acceso,1,0.005681818181818182,0.0,0.1772406847935549,0.028705645697601985
CCADM-2A-A44,Campus Central,acceso,1,0.005681818181818182,0.0,0.1772406847935549,0.028705645697601985
CCADM-2A-A45,Campus Central,acceso,1,0.005681818181818182,0.0,0.1772406847935549,0.028705645697601985
CCBIB-1A-A71,Campus Central,acceso,1,0.005681818181818182,0.0,0.17617617617617617,0.0263954802404665
CCJ-1A-A10,Campus Central,acceso,1,0.005681818181818182,0.0,0.17886178861788618,0.0015583582477318224
CCJ-1A-A11,Campus Central,acceso,1,0.005681818181818182,0.0,0.17886178861788618,0.0015583582477318224
CCJ-CJURIDICO-D4,Campus Central,agregacion,3,0.017045454545454544,0.02266233766233766,0.21755253399258342,0.009766492088515428
CEA-0A-A108,Campus Balzay,acceso,1,0.005681818181818182,0.0,0.15841584158415842,0.0013374298241022892
CEN-1A-A20,Campus Yanuncay,acceso,1,0.005681818181818182,0.0,0.15813117699910154,0.0007755694782345353
CENDIA-0A-A19,Campus Paraiso,acceso,1,0.005681818181818182,0.0,0.15172413793103448,7.52456380597425e-05
CMED-0A-A42,Campus Central,acceso,1,0.005681818181818182,0.0,0.1772406847935549,0.028705645697601985
CP-EADMINA1-D6,Campus Paraiso,agregacion,9,0.05113636363636364,0.0890909090909091,0.1797752808988764,0.0005314921174887701
CP-ENFERMERIA-D1,Campus Paraiso,agregacion,3,0.017045454545454544,0.03383116883116883,0.17795753286147623,0.0004462582925431882
CP-INVESTIGACION-D5,Campus Paraiso,agregacion,5,0.02840909090909091,0.0561038961038961,0.17868020304568527,0.00047157700624707516
CP-ODONTOLOGIA-D4,Campus Paraiso,agregacion,6,0.03409090909090909,0.08883116883116883,0.1797752808988764,0.00048610661791990024
CP-POSGRADO-D2,Campus Paraiso,agregacion,6,0.03409090909090909,0.06714285714285714,0.1790437436419125,0.00048534517114410126
CP-TECMEDICO-D3,Campus Paraiso,agregacion,5,0.02840909090909091,0.0561038961038961,0.17868020304568527,0.00047157700624707506
CPAR-C10,Campus Paraiso,core,7,0.03977272727272727,0.4042857142857143,0.2146341463414634,0.002652503689758686
CREDU-0B-A94,Campus Central,acceso,1,0.005681818181818182,0.0,0.1765295887662989,0.026413991937849112
CTBLOQ1-0A-A101,Campus Balzay,acceso,1,0.005681818181818182,0.0,0.15841584158415842,0.0013374298241022892
CTBLOQ2-0A-A102,Campus Balzay,acceso,1,0.005681818181818182,0.0,0.15841584158415842,0.0013374298241022892
CTBLOQ3-0A-A103,Campus Balzay,acceso,1,0.005681818181818182,0.0,0.15841584158415842,0.0013374298241022892
DAN-1A-A11,Campus Yanuncay,acceso,1,0.005681818181818182,0.0,0.15813117699910154,0.0007755694782345353
DATCC-2A-C2,Campus Central,core,16,0.09090909090909091,0.17059910327767486,0.24753867791842477,0.481777558047485
DATCC-2A-C3,Campus Central,core,17,0.09659090909090909,0.4467722892187181,0.2682926829268293,0.5021770336472012
DT-0A-C12,Campus Balzay,core,7,0.03977272727272727,0.08331761492475781,0.2097735399284863,0.020074157977387957
DT-0A-C13,Campus Balzay,core,8,0.045454545454545456,0.2235036332714906,0.22797927461139897,0.025769436246880967
EA-0A-A114,Campus Balzay,acceso,1,0.005681818181818182,0.0,0.1587015329125338,0.0013005069400095915
EA-1A-A115,Campus Balzay,acceso,1,0.005681818181818182,0.0,0.1587015329125338,0.0013005069400095915
EA-1A-A116,Campus Balzay,acceso,1,0.005681818181818182,0.0,0.1587015329125338,0.0013005069400095915
ECOK1-1A-A101,Campus Central,acceso,1,0.005681818181818182,0.0,0.17759838546922302,0.027934417618452154
ECOK1-1A-A102,Campus Central,acceso,1,0.005681818181818182,0.0,0.17759838546922302,0.027934417618452154
ECOK2-1A-A52,Campus Central,acceso,1,0.005681818181818182,0.0,0.17759838546922302,0.027934417618452154
ECOK3-0A-A63,Campus Central,acceso,1,0.005681818181818182,0.0,0.17795753286147623,0.029591494214347522
ENF-2B-A122,Campus Paraiso,acceso,1,0.005681818181818182,0.0,0.13163799551234107,1.1658536167549646e-05
ENF-2B-A22,Campus Paraiso,acceso,2,0.011363636363636364,0.011363636363636364,0.1514629948364888,7.306599657734012e-05
ENF-3A-A21,Campus Paraiso,acceso,1,0.005681818181818182,0.0,0.15120274914089346,7.120574045658389e-05
FILOA-0B-A56,Campus Central,acceso,1,0.005681818181818182,0.0,0.1772406847935549,0.027143153119581438
FILOA-2A-A55,Campus Central,acceso,1,0.005681818181818182,0.0,0.1772406847935549,0.027143153119581438
FILOB-1B-A58,Campus Central,acceso,1,0.005681818181818182,0.0,0.17617617617617617,0.026395480240466503
FILOB-2A-A57,Campus Central,acceso,1,0.005681818181818182,0.0,0.17617617617617617,0.026395480240466503
FORTIGATE-1800F-BALZAY,Campus Balzay,interconexion,5,0.02840909090909091,0.1490211296639867,0.24076607387140903,0.05350266005125475
FORTIGATE-1800F-CENTRAL,Campus Central,interconexion,5,0.02840909090909091,0.18628854875283454,0.25958702064896755,0.20054629638839166
HOS-0A-A10,Campus Hospitalidad,acceso,1,0.005681818181818182,0.0,0.17959183673469387,0.001646707095565409
HOS-0A-A13,Campus Hospitalidad,acceso,1,0.005681818181818182,0.0,0.17959183673469387,0.001646707095565409
HOS-0A-D05,Campus Hospitalidad,agregacion,5,0.02840909090909091,0.045064935064935065,0.2186335403726708,0.010320189103782266
HOS-1A-A12,Campus Hospitalidad,acceso,1,0.005681818181818182,0.0,0.17959183673469387,0.001646707095565409
HOS-2A-A11,Campus Hospitalidad,acceso,1,0.005681818181818182,0.0,0.17959183673469387,0.001646707095565409
INTERNET-MPLS,Nube MPLS,wan,8,0.045454545454545456,0.3656771541950111,0.27586206896551724,0.05809152509007225
INV-1A-A161,Campus Paraiso,acceso,1,0.005681818181818182,0.0,0.15172413793103448,7.52456380597425e-05
INV-1A-A61,Campus Paraiso,acceso,1,0.005681818181818182,0.0,0.15172413793103448,7.52456380597425e-05
INV-1B-A162,Campus Paraiso,acceso,1,0.005681818181818182,0.0,0.13203300825206302,1.231998977870236e-05
INV-1B-A62,Campus Paraiso,acceso,2,0.011363636363636364,0.011363636363636364,0.15198618307426598,7.721143686360001e-05
JUR-0A-A59,Campus Central,acceso,1,0.005681818181818182,0.0,0.17688442211055277,0.02789193339450012
JUR-0A-A60,Campus Central,acceso,1,0.005681818181818182,0.0,0.17688442211055277,0.02789193339450012
JUR-1A-A61,Campus Central,acceso,1,0.005681818181818182,0.0,0.17688442211055277,0.02789193339450012
JUR-1A-A62,Campus Central,acceso,1,0.005681818181818182,0.0,0.17688442211055277,0.02789193339450012
LAB-1A-A18,Campus Yanuncay,acceso,1,0.005681818181818182,0.0,0.15813117699910154,0.0007755694782345353
LABMAC-1A-A13,Campus Yanuncay,acceso,1,0.005681818181818182,0.0,0.15813117699910154,0.0007755694782345353
LAC-0A-A17,Campus Yanuncay,acceso,1,0.005681818181818182,0.0,0.15813117699910154,0.0007755694782345353
MEDADM-0F-A16,Campus Paraiso,acceso,1,0.005681818181818182,0.0,0.15251299826689774,8.480579658776961e-05
MEDADM-0G-A17,Campus Paraiso,acceso,1,0.005681818181818182,0.0,0.15251299826689774,8.480579658776961e-05
MEDADM-1A-A11,Campus Paraiso,acceso,1,0.005681818181818182,0.0,0.15251299826689774,8.480579658776961e-05
MEDADM-1B-A12,Campus Paraiso,acceso,1,0.005681818181818182,0.0,0.15251299826689774,8.480579658776961e-05
MEDADM-1C-A13,Campus Paraiso,acceso,1,0.005681818181818182,0.0,0.15251299826689774,8.480579658776961e-05
MEDADM-1D-A14,Campus Paraiso,acceso,1,0.005681818181818182,0.0,0.15251299826689774,8.480579658776961e-05
MEDADM-1E-A15,Campus Paraiso,acceso,1,0.005681818181818182,0.0,0.15251299826689774,8.480579658776961e-05
MEDADM-1H-A18,Campus Paraiso,acceso,1,0.005681818181818182,0.0,0.15251299826689774,8.480579658776961e-05
MICRORED-1A-A109,Campus Balzay,acceso,1,0.005681818181818182,0.0,0.15985467756584923,0.001565836542261508
MON-0A-A103,Campus Central,acceso,1,0.005681818181818182,0.0,0.17795753286147623,0.029591494214347522
MON-0A-A104,Campus Central,acceso,1,0.005681818181818182,0.0,0.17795753286147623,0.029591494214347522
MON-1B-A67,Campus Central,acceso,2,0.011363636363636364,0.011363636363636364,0.17831813576494426,0.030364574478049022
MON-1B-A68,Campus Central,acceso,1,0.005681818181818182,0.0,0.1514629948364888,0.00484502355525824
MON-1C-A105,Campus Central,acceso,1,0.005681818181818182,0.0,0.17795753286147623,0.029591494214347522
MON-1C-A106,Campus Central,acceso,1,0.005681818181818182,0.0,0.17795753286147623,0.029591494214347522
ODO-0B-A152,Campus Paraiso,acceso,1,0.005681818181818182,0.0,0.13262999246420498,1.2699577161737016e-05
ODO-0B-A52,Campus Paraiso,acceso,2,0.011363636363636364,0.011363636363636364,0.1527777777777778,7.959037438565793e-05
ODO-0C-A153,Campus Paraiso,acceso,1,0.005681818181818182,0.0,0.1328301886792453,1.3040254965246428e-05
ODO-0C-A154,Campus Paraiso,acceso,1,0.005681818181818182,0.0,0.15251299826689774,7.756400796117559e-05
ODO-0C-A53,Campus Paraiso,acceso,3,0.017045454545454544,0.02266233766233766,0.15304347826086956,8.172545909047163e-05
ODO-0C-A54,Campus Paraiso,acceso,1,0.005681818181818182,0.0,0.1328301886792453,1.3040254965246428e-05
ODO-1A-A151,Campus Paraiso,acceso,1,0.005681818181818182,0.0,0.15251299826689774,7.756400796117559e-05
ODO-1A-A51,Campus Paraiso,acceso,1,0.005681818181818182,0.0,0.15251299826689774,7.756400796117559e-05
PE1-BALZAY,Campus Balzay,wan,4,0.022727272727272728,0.005585497835497831,0.25106990014265335,0.04753169932772499
PE1-CENTRAL,Campus Central,wan,5,0.02840909090909091,0.06750984333127186,0.2561863173216885,0.07449359447976987
PE2-BALZAY,Campus Balzay,wan,5,0.02840909090909091,0.14603666769738194,0.23848238482384823,0.04138854070894663
PE2-CENTRAL,Campus Central,wan,6,0.03409090909090909,0.2881219593898162,0.26666666666666666,0.14490639508585484
POS-0A-A131,Campus Paraiso,acceso,1,0.005681818181818182,0.0,0.15198618307426598,7.744251019401878e-05
POS-0A-A31,Campus Paraiso,acceso,1,0.005681818181818182,0.0,0.15198618307426598,7.744251019401878e-05
POS-1B-A32,Campus Paraiso,acceso,1,0.005681818181818182,0.0,0.15198618307426598,7.744251019401878e-05
POS-2C-A133,Campus Paraiso,acceso,1,0.005681818181818182,0.0,0.1322314049586777,1.2679684295306781e-05
POS-2C-A33,Campus Paraiso,acceso,2,0.011363636363636364,0.011363636363636364,0.1522491349480969,7.946570247797997e-05
POSLAB-0D-A34,Campus Paraiso,acceso,1,0.005681818181818182,0.0,0.15198618307426598,7.744251019401878e-05
POST-1A-A64,Campus Central,acceso,2,0.011363636363636364,0.0225974025974026,0.17795753286147623,0.027871292982163176
POST-1A-A65,Campus Central,acceso,2,0.011363636363636364,0.011363636363636364,0.1514629948364888,0.004563374530629049
POST-2A-A66,Campus Central,acceso,1,0.005681818181818182,0.0,0.13163799551234107,0.0007281398625817395
PRO-1A-A73,Campus Central,acceso,2,0.011363636363636364,0.011363636363636364,0.17688442211055277,0.027104059688696665
PRO-3A-A74,Campus Central,acceso,1,0.005681818181818182,0.0,0.15042735042735042,0.004324770226588255
PSIC-1A-A53,Campus Central,acceso,1,0.005681818181818182,0.0,0.17617617617617617,0.026395480240466503
PSIC-2B-A54,Campus Central,acceso,1,0.005681818181818182,0.0,0.17617617617617617,0.026395480240466503
QUI-0A-A78,Campus Central,acceso,1,0.005681818181818182,0.0,0.17688442211055277,0.02714262837333685
QUI-1A-A83,Campus Central,acceso,1,0.005681818181818182,0.0,0.17688442211055277,0.02714262837333685
QUI-2A-A81,Campus Central,acceso,1,0.005681818181818182,0.0,0.1506849315068493,0.004444070072194401
QUI-2A-A82,Campus Central,acceso,2,0.011363636363636364,0.011363636363636364,0.1772406847935549,0.02785173181203609
QUIN-1A-A117,Campus Balzay,acceso,2,0.011363636363636364,0.011363636363636364,0.13771517996870108,0.0002186444969224449
QUIN-1A-A128,Campus Balzay,acceso,1,0.005681818181818182,0.0,0.12112869924294563,3.488729629010396e-05
ROUTER-CAMPUS-CENTRO-HISTORICO,Sede Centro Historico,wan,2,0.011363636363636364,0.004409271284271284,0.19555555555555557,0.015091706120748186
ROUTER-CAMPUS-HUAYNA-CAPAC,Campus Paraiso,wan,3,0.017045454545454544,0.36629779942279944,0.24209078404401652,0.013731328571009378
ROUTER-CAMPUS-MUSEO,Sede Museo,wan,2,0.011363636363636364,0.004404761904761905,0.1951219512195122,0.01455876810636304
ROUTER-CAMPUS-PARAISO,Campus Paraiso,wan,2,0.011363636363636364,0.10182251082251086,0.2349799732977303,0.025312507256201728
ROUTER-CAMPUS-YANUNCAY,Campus Yanuncay,wan,3,0.017045454545454544,0.1277922077922078,0.22420382165605096,0.021931078665411177
ROUTER-L2TP-BALZAY,Campus Balzay,wan,4,0.022727272727272728,0.014206709956709961,0.20253164556962025,0.01204596348226627
SW-ARUBA-CENTRO-HISTORICO,Sede Centro Historico,acceso,2,0.011363636363636364,0.009650613275613283,0.22138364779874214,0.08253628689562784
SW-ARUBA-MUSEO,Sede Museo,acceso,2,0.011363636363636364,0.00722943722943723,0.20705882352941177,0.07919627507934711
TALL-0A-A12,Campus Yanuncay,acceso,1,0.005681818181818182,0.0,0.15813117699910154,0.0007755694782345353
TEAT-0A-A75,Campus Central,acceso,1,0.005681818181818182,0.0,0.1772406847935549,0.028705645697601985
TECMED-0B-A42,Campus Paraiso,acceso,1,0.005681818181818182,0.0,0.15172413793103448,7.524563805974248e-05
TECMED-1A-A141,Campus Paraiso,acceso,1,0.005681818181818182,0.0,0.13203300825206302,1.231998977870236e-05
TECMED-1A-A41,Campus Paraiso,acceso,2,0.011363636363636364,0.011363636363636364,0.15198618307426598,7.721143686360001e-05
TECMED-2C-A43,Campus Paraiso,acceso,1,0.005681818181818182,0.0,0.15172413793103448,7.524563805974248e-05
TECMED-3D-A44,Campus Paraiso,acceso,1,0.005681818181818182,0.0,0.15172413793103448,7.524563805974248e-05
TECQUI-0A-A10,Campus Central,acceso,3,0.017045454545454544,0.02266233766233766,0.17831813576494426,0.0294331501286611
TECQUI-0A-A11,Campus Central,acceso,1,0.005681818181818182,0.0,0.1514629948364888,0.004696403889531599
TECQUI-0A-A12,Campus Central,acceso,1,0.005681818181818182,0.0,0.1514629948364888,0.004696403889531599
VIN-0A-A72,Campus Central,acceso,1,0.005681818181818182,0.0,0.17617617617617617,0.0263954802404665
VLIR-0A-A107,Campus Balzay,acceso,1,0.005681818181818182,0.0,0.15841584158415842,0.0013374298241022892
