modelo,realizacion,clustering,distancia_media_CG,diametro_CG,asortatividad,fraccion_componente_gigante,componentes
"Erdos-Renyi G(n,m)",1,0.003766478342749529,5.535483870967742,12,-0.10406434093573358,0.8757062146892656,17
"Erdos-Renyi G(n,m)",2,0.023634651600753297,5.6687306501547985,13,-0.017018009089367306,0.864406779661017,18
"Erdos-Renyi G(n,m)",3,0.007156308851224105,5.851094448231462,13,-0.05180062357446305,0.9209039548022598,15
"Erdos-Renyi G(n,m)",4,0.019020715630885126,5.479830148619958,13,0.04890067740635245,0.8870056497175142,19
"Erdos-Renyi G(n,m)",5,0.0027172450901264463,5.646779005079416,12,0.03468194436241161,0.8926553672316384,18
"Erdos-Renyi G(n,m)",6,0.019478073715361848,5.376836568111736,12,0.01097181674203839,0.8418079096045198,23
"Erdos-Renyi G(n,m)",7,0.004708097928436911,5.221806362651433,13,0.045418439716311786,0.807909604519774,26
"Erdos-Renyi G(n,m)",8,0.010546139359698682,5.493651369490296,11,-0.008263724482958755,0.8418079096045198,22
"Erdos-Renyi G(n,m)",9,0.006591337099811676,5.898835403726708,12,0.08865755502318165,0.9096045197740112,15
"Erdos-Renyi G(n,m)",10,0.003389830508474576,5.375902992776058,12,0.035095269767987484,0.864406779661017,22
"Erdos-Renyi G(n,m)",11,0.017890772128060263,6.042634767272449,14,-0.014962593516209113,0.9152542372881356,14
"Erdos-Renyi G(n,m)",12,0.00943861537081876,5.327212572373862,11,0.08471577726218098,0.8813559322033898,20
"Erdos-Renyi G(n,m)",13,0.006187785848802798,5.1209770114942526,13,0.08164444054512496,0.8192090395480226,25
"Erdos-Renyi G(n,m)",14,0.0032015065913370997,5.445412651864265,12,0.08863466087498195,0.8757062146892656,21
"Erdos-Renyi G(n,m)",15,0.0,5.490570719602978,11,0.008058864751226528,0.8813559322033898,19
"Erdos-Renyi G(n,m)",16,0.01251008878127522,5.746529479013556,14,-0.001268428806993763,0.8870056497175142,19
"Erdos-Renyi G(n,m)",17,0.0032149582997040623,5.50687994496044,13,0.01384716123565197,0.864406779661017,20
"Erdos-Renyi G(n,m)",18,0.0,5.635814722911497,15,0.03594532260786381,0.8813559322033898,19
"Erdos-Renyi G(n,m)",19,0.0160075329566855,5.53215406064831,13,-0.07731958762886647,0.8587570621468926,21
"Erdos-Renyi G(n,m)",20,0.004708097928436911,5.820949313702937,14,-0.011932901258101241,0.9152542372881356,16
"Erdos-Renyi G(n,m)",21,0.013263384449825128,5.722737306843267,13,0.07924945086310686,0.8531073446327684,21
"Erdos-Renyi G(n,m)",22,0.0,5.533416046319272,12,-0.0488340712158895,0.8813559322033898,18
"Erdos-Renyi G(n,m)",23,0.009685230024213076,5.360665478312537,14,-0.05990732970921962,0.8700564971751412,23
"Erdos-Renyi G(n,m)",24,0.0,5.548503611971104,15,0.06338559987281116,0.864406779661017,20
"Erdos-Renyi G(n,m)",25,0.009416195856873822,5.937732919254659,14,-0.12409714537298103,0.9096045197740112,12
"Erdos-Renyi G(n,m)",26,0.003766478342749529,5.673397570171764,13,0.010069556295262188,0.8757062146892656,19
"Erdos-Renyi G(n,m)",27,0.0025289211729889694,5.519434917524089,12,-0.036914535467485576,0.8870056497175142,18
"Erdos-Renyi G(n,m)",28,0.007156308851224105,5.8441206910277845,14,0.10204806822586912,0.8983050847457628,15
"Erdos-Renyi G(n,m)",29,0.0,5.718520333170015,13,-0.04887582601045711,0.8870056497175142,17
"Erdos-Renyi G(n,m)",30,0.004519774011299435,5.270011034716917,12,0.06000032240904037,0.8700564971751412,19
"Erdos-Renyi G(n,m)",31,0.020433145009416197,5.680852695345449,12,-0.07284241976368135,0.9152542372881356,14
"Erdos-Renyi G(n,m)",32,0.006779661016949152,5.606060606060606,12,0.06688732162006078,0.8700564971751412,18
"Erdos-Renyi G(n,m)",33,0.003389830508474576,5.523820754716981,13,-0.12464244243677342,0.903954802259887,18
"Erdos-Renyi G(n,m)",34,0.004331450094161958,5.727468180254558,13,-0.010698236729852586,0.864406779661017,18
"Erdos-Renyi G(n,m)",35,0.00490987355394135,5.510682865521575,14,-0.0022538723445067453,0.8757062146892656,18
"Erdos-Renyi G(n,m)",36,0.00893193435566317,5.235352802466896,12,-0.07899647121380615,0.8418079096045198,25
"Erdos-Renyi G(n,m)",37,0.001694915254237288,5.530540427314621,16,-0.0001232741617348814,0.8757062146892656,23
"Erdos-Renyi G(n,m)",38,0.008097928436911489,5.819354838709677,13,0.012881064834693184,0.8757062146892656,18
"Erdos-Renyi G(n,m)",39,0.019962335216572508,5.521671826625387,12,-0.05996847371667495,0.864406779661017,20
"Erdos-Renyi G(n,m)",40,0.0,5.71484566389025,15,0.02535207991719825,0.8870056497175142,19
"Erdos-Renyi G(n,m)",41,0.02448210922787194,5.570674486803519,14,-0.13687150837988793,0.8757062146892656,19
"Erdos-Renyi G(n,m)",42,0.00583804143126177,5.6610738255033555,14,0.10956451747203586,0.8418079096045198,23
"Erdos-Renyi G(n,m)",43,0.011312886736615551,5.42924172601592,12,-0.00635514747451129,0.8757062146892656,19
"Erdos-Renyi G(n,m)",44,0.003923414940364093,5.388716890264878,13,-0.026399992869684728,0.864406779661017,22
"Erdos-Renyi G(n,m)",45,0.0012868801004394224,5.105682326621924,11,0.051782473624311216,0.847457627118644,23
"Erdos-Renyi G(n,m)",46,0.0,5.112665112665113,14,-0.03373877787431199,0.8135593220338984,23
"Erdos-Renyi G(n,m)",47,0.010721011568469194,5.753602420189475,14,-0.002253293274786219,0.8983050847457628,18
"Erdos-Renyi G(n,m)",48,0.007156308851224105,5.702894461017496,12,-0.09339813044401933,0.8926553672316384,19
"Erdos-Renyi G(n,m)",49,0.004788808178638687,4.999028749028749,11,-0.04794174773896087,0.8135593220338984,24
"Erdos-Renyi G(n,m)",50,0.002448210922787194,5.916310570023382,14,-0.1418062047610595,0.8926553672316384,14
"Erdos-Renyi G(n,m)",51,0.010922787193973636,5.803060380479735,14,0.02526233968130553,0.8813559322033898,18
"Erdos-Renyi G(n,m)",52,0.0096045197740113,5.902233250620347,15,0.04633033411523047,0.8813559322033898,18
"Erdos-Renyi G(n,m)",53,0.0030938929244013987,5.611556603773585,14,0.009644330471623705,0.903954802259887,17
"Erdos-Renyi G(n,m)",54,0.004533225719666398,5.787421383647799,14,-0.09517543859649188,0.903954802259887,18
"Erdos-Renyi G(n,m)",55,0.007909604519774011,5.756460394141554,14,0.035280200408238385,0.9152542372881356,16
"Erdos-Renyi G(n,m)",56,0.011299435028248588,5.772987097827862,14,0.004873185367399077,0.8870056497175142,18
"Erdos-Renyi G(n,m)",57,0.004331450094161958,5.622268805934048,14,-0.048315000205990534,0.8926553672316384,19
"Erdos-Renyi G(n,m)",58,0.012052730696798493,5.498266548415706,13,0.06272544699436494,0.8926553672316384,20
"Erdos-Renyi G(n,m)",59,0.0030938929244013987,5.382656053623796,13,-0.1598116023130014,0.8757062146892656,20
"Erdos-Renyi G(n,m)",60,0.011864406779661017,5.554653291935355,13,-0.11619343353465736,0.8983050847457628,17
"Erdos-Renyi G(n,m)",61,0.009685230024213076,5.45355524573022,13,-0.1251434118789177,0.8587570621468926,24
"Erdos-Renyi G(n,m)",62,0.00903954802259887,5.741594775457551,14,0.021965222589855685,0.8926553672316384,18
"Erdos-Renyi G(n,m)",63,0.015119720204465963,5.270246085011186,13,0.03385601344784961,0.847457627118644,23
"Erdos-Renyi G(n,m)",64,0.010142588108689803,5.698595459741957,12,-0.11492681625712689,0.8870056497175142,20
"Erdos-Renyi G(n,m)",65,0.00847457627118644,5.919408020857296,15,-0.03751522282081428,0.9152542372881356,15
"Erdos-Renyi G(n,m)",66,0.007532956685499058,5.511790313803736,12,-0.02492174996255051,0.8418079096045198,16
"Erdos-Renyi G(n,m)",67,0.024482109227871942,5.6010125755348685,14,-0.008495310588554638,0.8870056497175142,21
"Erdos-Renyi G(n,m)",68,0.02617702448210922,5.639882410583048,14,0.022958409655342647,0.8870056497175142,18
"Erdos-Renyi G(n,m)",69,0.010138104205900816,5.353433252004183,13,-0.08428793664262536,0.8587570621468926,20
"Erdos-Renyi G(n,m)",70,0.009227871939736346,5.560139207198031,13,-0.010560555610501201,0.8700564971751412,21
"Erdos-Renyi G(n,m)",71,0.0032015065913370997,5.630933210643356,15,-0.09171395947304711,0.9152542372881356,15
"Erdos-Renyi G(n,m)",72,0.006967984934086629,5.3762044749305895,12,-0.056295258117262034,0.8870056497175142,20
"Erdos-Renyi G(n,m)",73,0.014393327952649991,5.287925696594427,12,-0.06509978417334589,0.864406779661017,25
"Erdos-Renyi G(n,m)",74,0.012241054613935971,5.9296383647798745,15,0.06374804488785663,0.903954802259887,14
"Erdos-Renyi G(n,m)",75,0.017218186709712133,5.720518867924528,14,0.02792855794953794,0.903954802259887,18
"Erdos-Renyi G(n,m)",76,0.009792843691148774,5.714343304039345,14,0.0011795090801859085,0.8926553672316384,20
"Erdos-Renyi G(n,m)",77,0.015065913370998118,5.127063304915654,12,-0.013959861090765038,0.8418079096045198,26
"Erdos-Renyi G(n,m)",78,0.002071563088512241,5.6701406120760955,14,-0.030427171285325297,0.8813559322033898,20
"Erdos-Renyi G(n,m)",79,0.0017083669626042509,5.78659405111018,17,-0.017489678837595137,0.8757062146892656,20
"Erdos-Renyi G(n,m)",80,0.025988700564971753,5.924317617866005,14,0.04003739533371298,0.8813559322033898,19
"Erdos-Renyi G(n,m)",81,0.001694915254237288,5.685343325200418,16,0.038343558282208395,0.8587570621468926,22
"Erdos-Renyi G(n,m)",82,0.013935969868173258,5.603625673689368,12,-0.0795480972839321,0.8870056497175142,19
"Erdos-Renyi G(n,m)",83,0.0,5.294004879749042,11,-0.019557203717193727,0.8587570621468926,21
"Erdos-Renyi G(n,m)",84,0.020231369383911756,5.616422287390029,12,0.09987195902688824,0.8757062146892656,18
"Erdos-Renyi G(n,m)",85,0.014514393327952648,5.394613686534217,12,0.02172456694420541,0.8531073446327684,20
"Erdos-Renyi G(n,m)",86,0.004344901802528921,5.469727047146402,13,0.05431437459451316,0.8813559322033898,19
"Erdos-Renyi G(n,m)",87,0.023917137476459512,5.453473607836024,11,0.019318566114304273,0.8418079096045198,23
"Erdos-Renyi G(n,m)",88,0.011191821361312887,5.696932729173928,15,0.003415168503124975,0.8587570621468926,21
"Erdos-Renyi G(n,m)",89,0.007909604519774011,5.62077922077922,12,0.07545334755600186,0.8757062146892656,19
"Erdos-Renyi G(n,m)",90,0.0018832391713747645,5.5274444969296175,16,0.14729255635136787,0.8248587570621468,23
"Erdos-Renyi G(n,m)",91,0.0021522733387140166,5.518422962186568,12,-0.07721963941489965,0.8926553672316384,15
"Erdos-Renyi G(n,m)",92,0.0021522733387140166,5.480774127832952,14,0.054098297511748855,0.8700564971751412,21
"Erdos-Renyi G(n,m)",93,0.02937853107344633,5.538248847926267,12,0.09047020025158922,0.8757062146892656,21
"Erdos-Renyi G(n,m)",94,0.002448210922787194,5.318693134822167,10,-0.09793683340486042,0.8813559322033898,18
"Erdos-Renyi G(n,m)",95,0.004708097928436911,5.773977987421383,13,-0.07836967346852267,0.903954802259887,18
"Erdos-Renyi G(n,m)",96,0.012241054613935971,5.528981768145854,15,0.030394138202236007,0.864406779661017,22
"Erdos-Renyi G(n,m)",97,0.0,5.747670807453416,14,-0.011539680862305298,0.9096045197740112,16
"Erdos-Renyi G(n,m)",98,0.008097928436911489,5.9080516086885515,16,0.11969254359999613,0.8870056497175142,19
"Erdos-Renyi G(n,m)",99,0.013370998116760829,5.6710515291160455,12,0.08722104412804091,0.8757062146892656,20
"Erdos-Renyi G(n,m)",100,0.008259348937315038,5.3924360602212955,13,0.03337282780410713,0.8418079096045198,22
Configuracion (grado preservado),1,0.017975726500153222,4.293421633554084,10,-0.13001735261997757,0.8531073446327684,13
Configuracion (grado preservado),2,0.009803058357395346,4.205786323235988,9,-0.051368891687938435,0.8418079096045198,14
Configuracion (grado preservado),3,0.02025275783999612,4.25095785440613,9,-0.165724220639568,0.8192090395480226,16
Configuracion (grado preservado),4,0.023293203602276383,4.373138444567016,10,0.03778158924986214,0.8361581920903954,15
Configuracion (grado preservado),5,0.010988103510536211,4.140804597701149,9,-0.13281789128818058,0.8192090395480226,17
Configuracion (grado preservado),6,0.022871740718201333,4.345145413870246,9,-0.13911910329163787,0.847457627118644,14
Configuracion (grado preservado),7,0.017864468163570856,4.168505239933811,8,-0.08707575970752876,0.8361581920903954,15
Configuracion (grado preservado),8,0.016376867473577344,3.97334116265414,8,-0.06607171969600541,0.7401129943502824,23
Configuracion (grado preservado),9,0.019187758993342244,4.066526820497453,9,-0.010527702776642315,0.8022598870056498,18
Configuracion (grado preservado),10,0.0099034066631275,4.209413495127781,9,-0.08730913792987907,0.8361581920903954,15
Configuracion (grado preservado),11,0.02543483066912778,4.04387031408308,8,-0.15568895707850636,0.7966101694915254,18
Configuracion (grado preservado),12,0.03317119349023637,4.058954933954934,8,-0.06747198903010658,0.8135593220338984,17
Configuracion (grado preservado),13,0.012718338491020447,3.9890023566378634,8,0.04128226258511629,0.7570621468926554,21
Configuracion (grado preservado),14,0.013719651531216834,3.966058595909342,9,-0.024997152562358665,0.7627118644067796,21
Configuracion (grado preservado),15,0.006640959756612797,4.018418201516793,8,-0.12581654461767283,0.807909604519774,16
Configuracion (grado preservado),16,0.017639086108677333,4.107581660173809,9,-0.053936052133791296,0.8022598870056498,18
Configuracion (grado preservado),17,0.020799050659469406,4.093211752786221,9,-0.10971344727550467,0.7966101694915254,17
Configuracion (grado preservado),18,0.01326381605544118,4.115524971327286,10,0.03194713369110574,0.7853107344632768,18
Configuracion (grado preservado),19,0.012741741106646392,4.125861552292478,10,-0.04483430146213105,0.8022598870056498,18
Configuracion (grado preservado),20,0.011785830579449721,4.149374206421187,9,-0.1045791263837988,0.8418079096045198,14
Configuracion (grado preservado),21,0.0160807620428757,4.144193216855087,9,-0.03479903790107005,0.7909604519774012,19
Configuracion (grado preservado),22,0.026554655418065183,4.3088235294117645,10,-0.20703216599556473,0.864406779661017,12
Configuracion (grado preservado),23,0.006880440928297357,4.200728848616173,9,-0.08404184281697541,0.807909604519774,17
Configuracion (grado preservado),24,0.008428130711281259,4.189607935758148,9,-0.0002590609932308153,0.8248587570621468,16
Configuracion (grado preservado),25,0.01335804994827926,4.240706401766005,9,-0.09034305482043287,0.8531073446327684,14
Configuracion (grado preservado),26,0.02934036994356038,4.145826423438364,10,0.010943093679581965,0.7627118644067796,21
Configuracion (grado preservado),27,0.01792853761946484,4.305771812080537,10,-0.09687764504623984,0.847457627118644,14
Configuracion (grado preservado),28,0.013645115639133586,4.138592347661786,9,-0.06117077702664967,0.8248587570621468,15
Configuracion (grado preservado),29,0.005497936205812577,4.141366135495294,8,-0.13118424373172854,0.8305084745762712,14
Configuracion (grado preservado),30,0.023832614709982606,4.1349361662473205,10,-0.0782073872582187,0.8305084745762712,16
Configuracion (grado preservado),31,0.013246024312823915,4.080831692913386,9,-0.058370238358446555,0.7231638418079096,23
Configuracion (grado preservado),32,0.014353056750863333,4.11311861743912,9,-0.02756431300821149,0.7570621468926554,20
Configuracion (grado preservado),33,0.01667386009360087,4.055116514690983,10,-0.12371614061652048,0.7966101694915254,18
Configuracion (grado preservado),34,0.017288694282712232,4.2857817666509215,9,-0.15475544418910553,0.8248587570621468,16
Configuracion (grado preservado),35,0.020342172136788288,4.0683890577507595,8,-0.09734440149094059,0.7966101694915254,16
Configuracion (grado preservado),36,0.023428212236786518,4.186713212736698,9,-0.015662023668348082,0.7796610169491526,18
Configuracion (grado preservado),37,0.012577503180693608,4.206597707576181,9,-0.02686417834116068,0.8305084745762712,16
Configuracion (grado preservado),38,0.016582719374344503,4.076340326340326,9,-0.11834844150246428,0.8135593220338984,17
Configuracion (grado preservado),39,0.006221954626740271,4.026092628832355,8,-0.0842752210393256,0.8305084745762712,16
Configuracion (grado preservado),40,0.017001053117703165,4.013658638306746,9,-0.07750725259116804,0.7853107344632768,18
Configuracion (grado preservado),41,0.018230961276823693,3.8852713178294573,8,-0.03409890323401894,0.7344632768361582,23
Configuracion (grado preservado),42,0.0066725868570335165,4.079976361666502,9,-0.07890752192526974,0.807909604519774,17
Configuracion (grado preservado),43,0.017045892145593045,4.118669463590051,9,-0.09897804904739227,0.8022598870056498,18
Configuracion (grado preservado),44,0.004604620481988377,4.155528918189991,10,-0.045534436129182065,0.8022598870056498,18
Configuracion (grado preservado),45,0.014920893884004553,4.210962007668177,9,-0.1636238166384157,0.8587570621468926,13
Configuracion (grado preservado),46,0.0022047853553337103,4.015900383141762,8,-0.1388857250692876,0.8192090395480226,16
Configuracion (grado preservado),47,0.018985719608850215,3.9408653337564794,8,-0.04973524413148658,0.7796610169491526,20
Configuracion (grado preservado),48,0.007756504416524357,4.160057471264368,9,-0.12791694861882497,0.8192090395480226,16
Configuracion (grado preservado),49,0.01884484833138871,4.093497153131556,10,-0.07260630992181256,0.8022598870056498,18
Configuracion (grado preservado),50,0.012974640292686156,4.042265795206972,8,-0.03946660234807513,0.768361581920904,19
Configuracion (grado preservado),51,0.01695009967691922,3.967755991285403,8,-0.09897804904739249,0.768361581920904,21
Configuracion (grado preservado),52,0.02815417384211004,4.455953316126136,12,0.09565938839272771,0.7570621468926554,21
Configuracion (grado preservado),53,0.005165216232015834,4.11238057716931,9,-0.1300173526199773,0.807909604519774,17
Configuracion (grado preservado),54,0.013097408112363247,4.032404215502807,8,-0.05907037302549718,0.807909604519774,17
Configuracion (grado preservado),55,0.009774728244319474,4.152777777777778,8,-0.07190617525476173,0.8192090395480226,17
Configuracion (grado preservado),56,0.03178566752843922,4.131798756798757,9,-0.12231587128241869,0.8135593220338984,17
Configuracion (grado preservado),57,0.015802628190464685,4.01773089440018,9,-0.06887225836420824,0.7570621468926554,21
Configuracion (grado preservado),58,0.007881610099955066,4.181944928546532,9,-0.12604992284002298,0.8587570621468926,13
Configuracion (grado preservado),59,0.02136531722772999,4.4656130268199234,11,-0.1092466908308042,0.8192090395480226,17
Configuracion (grado preservado),60,0.019674370347351405,4.210233029381966,10,-0.005860138329636928,0.7966101694915254,19
Configuracion (grado preservado),61,0.006385653045672985,4.179107259342093,9,-0.1428531548492421,0.8305084745762712,15
Configuracion (grado preservado),62,0.015582533304367804,4.089665653495441,10,-0.032231877455216947,0.7966101694915254,16
Configuracion (grado preservado),63,0.021340272112954063,4.136050344620917,9,-0.06140415524899996,0.8022598870056498,16
Configuracion (grado preservado),64,0.02010386589150298,3.871225806451613,8,0.04338266658626863,0.7062146892655368,26
Configuracion (grado preservado),65,0.010361580002656773,4.234778121775026,10,-0.13841896862458689,0.864406779661017,12
Configuracion (grado preservado),66,0.025703145493773605,4.308697571743929,10,-0.1272168139517745,0.8531073446327684,14
Configuracion (grado preservado),67,0.02646748307266752,3.997276688453159,8,-0.08590886859577752,0.768361581920904,20
Configuracion (grado preservado),68,0.018451859428928227,4.028616316911682,9,0.029146595022902518,0.7570621468926554,21
Configuracion (grado preservado),69,0.01600746102241616,4.415970066077541,9,-0.12581654461767292,0.8983050847457628,10
Configuracion (grado preservado),70,0.009169401367806152,4.011469085601084,8,-0.01776242766950027,0.7853107344632768,17
Configuracion (grado preservado),71,0.011910732449117292,4.333812260536399,11,-0.1167147939460124,0.8192090395480226,15
Configuracion (grado preservado),72,0.026712095555565144,4.1722113502935425,8,-0.19979744110270634,0.8305084745762712,16
Configuracion (grado preservado),73,0.02093842330631962,4.288123620309051,10,-0.1141476335001594,0.8531073446327684,13
Configuracion (grado preservado),74,0.025284643903786475,4.137720051524259,9,-0.0427338974609787,0.7740112994350282,20
Configuracion (grado preservado),75,0.027158855324358817,4.136136041568257,9,-0.0467013272409331,0.8248587570621468,15
Configuracion (grado preservado),76,0.010402067007251454,3.981420437518729,8,-0.0520690263549894,0.8022598870056498,17
Configuracion (grado preservado),77,0.032740822745807786,4.235540905004495,9,0.03054686435700396,0.8022598870056498,18
Configuracion (grado preservado),78,0.02626883658787946,4.099781044729434,8,-0.14985450151974988,0.7853107344632768,18
Configuracion (grado preservado),79,0.019333329976400766,4.15422607399124,9,-0.1379522121798866,0.8305084745762712,16
Configuracion (grado preservado),80,0.022664594000586024,4.182998701428429,9,-0.04670132724093314,0.8022598870056498,17
Configuracion (grado preservado),81,0.012445647664989639,4.126456061876805,9,-0.09921142726974272,0.8305084745762712,15
Configuracion (grado preservado),82,0.0102011785710689,3.995135433941404,8,-0.007960542330789317,0.7627118644067796,18
Configuracion (grado preservado),83,0.011920035947952198,4.27375478927203,11,0.010242959012531002,0.8192090395480226,16
Configuracion (grado preservado),84,0.016001910094631932,3.8879183070866143,7,0.03894848036161331,0.7231638418079096,24
Configuracion (grado preservado),85,0.014937031138426956,4.228256070640176,10,-0.10201196593794598,0.8531073446327684,13
Configuracion (grado preservado),86,0.02940458326799304,4.33841642228739,9,-0.1449535588503945,0.8757062146892656,12
Configuracion (grado preservado),87,0.029815112143128097,4.237479270315092,12,0.04174901902981678,0.7627118644067796,19
Configuracion (grado preservado),88,0.01583296047403724,4.264408793820558,10,-0.17879340109118264,0.8700564971751412,12
Configuracion (grado preservado),89,0.02316505270144353,4.028252449305081,8,0.010709715457231702,0.751412429378531,21
Configuracion (grado preservado),90,0.017622721062402022,4.007513954486904,8,-0.09057643304278278,0.7740112994350282,20
Configuracion (grado preservado),91,0.015611582760137098,4.191089801218659,10,0.05225103903557869,0.8022598870056498,17
Configuracion (grado preservado),92,0.019147248010657782,4.321134396830362,11,-0.07844076548056905,0.7853107344632768,18
Configuracion (grado preservado),93,0.019131878055108364,4.035854730511219,8,-0.04320065390567927,0.7457627118644068,21
Configuracion (grado preservado),94,0.016950027742649875,4.064118979611937,10,-0.08824265081928014,0.807909604519774,16
Configuracion (grado preservado),95,0.022692276705237824,4.214362387290683,10,0.03498105058165897,0.7740112994350282,20
Configuracion (grado preservado),96,0.017868412559339776,3.9993164730006834,8,-0.009827568109591692,0.751412429378531,21
Configuracion (grado preservado),97,0.018061220379266243,4.062394792952531,11,-0.002359464994383305,0.7570621468926554,20
Configuracion (grado preservado),98,0.01018110890992247,4.1386474877634605,8,-0.17062516330892336,0.8022598870056498,17
Configuracion (grado preservado),99,0.019612926492288407,4.059222187467418,9,-0.0635045592501521,0.7853107344632768,19
Configuracion (grado preservado),100,0.009429575630971444,4.112494632889653,11,-0.12675005750707405,0.7740112994350282,18
