removed,f,S,S2
0,0.0,1.0,0.0
1,0.004784688995215311,0.7627118644067796,0.23728813559322035
2,0.009569377990430622,0.7627118644067796,0.23728813559322035
3,0.014354066985645933,0.7627118644067796,0.23728813559322035
4,0.019138755980861243,0.7627118644067796,0.23728813559322035
5,0.023923444976076555,0.7627118644067796,0.23728813559322035
6,0.028708133971291867,0.7627118644067796,0.23728813559322035
7,0.03349282296650718,0.7627118644067796,0.23728813559322035
8,0.03827751196172249,0.6949152542372882,0.23728813559322035
9,0.0430622009569378,0.6836158192090396,0.23728813559322035
10,0.04784688995215311,0.6836158192090396,0.23728813559322035
11,0.05263157894736842,0.6836158192090396,0.1864406779661017
12,0.05741626794258373,0.6836158192090396,0.13559322033898305
13,0.06220095693779904,0.6836158192090396,0.13559322033898305
14,0.06698564593301436,0.6836158192090396,0.13559322033898305
15,0.07177033492822966,0.6836158192090396,0.13559322033898305
16,0.07655502392344497,0.6836158192090396,0.13559322033898305
17,0.08133971291866028,0.6836158192090396,0.096045197740113
18,0.0861244019138756,0.6836158192090396,0.096045197740113
19,0.09090909090909091,0.6836158192090396,0.096045197740113
20,0.09569377990430622,0.5932203389830508,0.096045197740113
21,0.10047846889952153,0.5932203389830508,0.0903954802259887
22,0.10526315789473684,0.5932203389830508,0.0903954802259887
23,0.11004784688995216,0.5932203389830508,0.0847457627118644
24,0.11483253588516747,0.5932203389830508,0.0847457627118644
25,0.11961722488038277,0.5932203389830508,0.06779661016949153
26,0.12440191387559808,0.5932203389830508,0.06779661016949153
27,0.1291866028708134,0.5932203389830508,0.06779661016949153
28,0.1339712918660287,0.5932203389830508,0.06779661016949153
29,0.13875598086124402,0.5932203389830508,0.06779661016949153
30,0.14354066985645933,0.5932203389830508,0.06779661016949153
31,0.14832535885167464,0.5932203389830508,0.06779661016949153
32,0.15311004784688995,0.5254237288135594,0.06779661016949153
33,0.15789473684210525,0.5254237288135594,0.06779661016949153
34,0.16267942583732056,0.5254237288135594,0.06779661016949153
35,0.1674641148325359,0.5254237288135594,0.06779661016949153
36,0.1722488038277512,0.5254237288135594,0.06779661016949153
37,0.17703349282296652,0.4632768361581921,0.06779661016949153
38,0.18181818181818182,0.4463276836158192,0.06779661016949153
39,0.18660287081339713,0.4293785310734463,0.06779661016949153
40,0.19138755980861244,0.4124293785310734,0.06779661016949153
41,0.19617224880382775,0.4124293785310734,0.06779661016949153
42,0.20095693779904306,0.4124293785310734,0.06779661016949153
43,0.20574162679425836,0.4124293785310734,0.06779661016949153
44,0.21052631578947367,0.4124293785310734,0.06779661016949153
45,0.215311004784689,0.3672316384180791,0.06779661016949153
46,0.22009569377990432,0.3446327683615819,0.06779661016949153
47,0.22488038277511962,0.3220338983050847,0.06779661016949153
48,0.22966507177033493,0.3220338983050847,0.06779661016949153
49,0.23444976076555024,0.3220338983050847,0.06779661016949153
50,0.23923444976076555,0.3220338983050847,0.06779661016949153
51,0.24401913875598086,0.3107344632768362,0.06779661016949153
52,0.24880382775119617,0.3107344632768362,0.06779661016949153
53,0.2535885167464115,0.3107344632768362,0.06779661016949153
54,0.2583732057416268,0.3107344632768362,0.06779661016949153
55,0.2631578947368421,0.3107344632768362,0.06779661016949153
56,0.2679425837320574,0.3107344632768362,0.06779661016949153
57,0.2727272727272727,0.2994350282485876,0.06779661016949153
58,0.27751196172248804,0.288135593220339,0.06779661016949153
59,0.2822966507177033,0.288135593220339,0.06779661016949153
60,0.28708133971291866,0.288135593220339,0.06779661016949153
61,0.291866028708134,0.288135593220339,0.06779661016949153
62,0.2966507177033493,0.288135593220339,0.06779661016949153
63,0.3014354066985646,0.288135593220339,0.06779661016949153
64,0.3062200956937799,0.288135593220339,0.06779661016949153
65,0.31100478468899523,0.2542372881355932,0.06779661016949153
66,0.3157894736842105,0.23728813559322035,0.06779661016949153
67,0.32057416267942584,0.2033898305084746,0.06779661016949153
68,0.3253588516746411,0.2033898305084746,0.06779661016949153
69,0.33014354066985646,0.2033898305084746,0.06779661016949153
70,0.3349282296650718,0.2033898305084746,0.06779661016949153
71,0.3397129186602871,0.1751412429378531,0.06779661016949153
72,0.3444976076555024,0.15819209039548024,0.06779661016949153
73,0.3492822966507177,0.12994350282485875,0.06779661016949153
74,0.35406698564593303,0.0903954802259887,0.06779661016949153
75,0.3588516746411483,0.0903954802259887,0.06779661016949153
76,0.36363636363636365,0.07909604519774012,0.06779661016949153
77,0.3684210526315789,0.06779661016949153,0.06779661016949153
78,0.37320574162679426,0.06779661016949153,0.06779661016949153
79,0.37799043062200954,0.06779661016949153,0.06779661016949153
80,0.3827751196172249,0.06779661016949153,0.06779661016949153
81,0.3875598086124402,0.06779661016949153,0.062146892655367235
82,0.3923444976076555,0.06779661016949153,0.062146892655367235
83,0.39712918660287083,0.06779661016949153,0.062146892655367235
84,0.4019138755980861,0.06779661016949153,0.062146892655367235
85,0.40669856459330145,0.06779661016949153,0.062146892655367235
86,0.41148325358851673,0.06779661016949153,0.062146892655367235
87,0.41626794258373206,0.06779661016949153,0.062146892655367235
88,0.42105263157894735,0.06779661016949153,0.062146892655367235
89,0.4258373205741627,0.06779661016949153,0.062146892655367235
90,0.430622009569378,0.06779661016949153,0.062146892655367235
91,0.4354066985645933,0.06779661016949153,0.062146892655367235
92,0.44019138755980863,0.06779661016949153,0.062146892655367235
93,0.4449760765550239,0.06779661016949153,0.062146892655367235
94,0.44976076555023925,0.06779661016949153,0.062146892655367235
95,0.45454545454545453,0.06779661016949153,0.062146892655367235
96,0.45933014354066987,0.06779661016949153,0.062146892655367235
97,0.46411483253588515,0.06779661016949153,0.062146892655367235
98,0.4688995215311005,0.06779661016949153,0.062146892655367235
99,0.47368421052631576,0.06779661016949153,0.062146892655367235
100,0.4784688995215311,0.06779661016949153,0.062146892655367235
101,0.48325358851674644,0.06779661016949153,0.062146892655367235
102,0.4880382775119617,0.06779661016949153,0.062146892655367235
103,0.49282296650717705,0.06779661016949153,0.062146892655367235
104,0.49760765550239233,0.06779661016949153,0.05649717514124294
105,0.5023923444976076,0.06779661016949153,0.05084745762711865
106,0.507177033492823,0.06779661016949153,0.05084745762711865
107,0.5119617224880383,0.06779661016949153,0.05084745762711865
108,0.5167464114832536,0.06779661016949153,0.05084745762711865
109,0.5215311004784688,0.06779661016949153,0.05084745762711865
110,0.5263157894736842,0.06779661016949153,0.05084745762711865
111,0.5311004784688995,0.06779661016949153,0.05084745762711865
112,0.5358851674641149,0.06779661016949153,0.05084745762711865
113,0.5406698564593302,0.06779661016949153,0.05084745762711865
114,0.5454545454545454,0.06779661016949153,0.05084745762711865
115,0.5502392344497608,0.06779661016949153,0.05084745762711865
116,0.5550239234449761,0.06779661016949153,0.05084745762711865
117,0.5598086124401914,0.06779661016949153,0.05084745762711865
118,0.5645933014354066,0.06779661016949153,0.05084745762711865
119,0.569377990430622,0.06779661016949153,0.05084745762711865
120,0.5741626794258373,0.06779661016949153,0.05084745762711865
121,0.5789473684210527,0.06779661016949153,0.05084745762711865
122,0.583732057416268,0.06779661016949153,0.05084745762711865
123,0.5885167464114832,0.06779661016949153,0.05084745762711865
124,0.5933014354066986,0.06779661016949153,0.05084745762711865
125,0.5980861244019139,0.06779661016949153,0.05084745762711865
126,0.6028708133971292,0.06779661016949153,0.05084745762711865
127,0.6076555023923444,0.062146892655367235,0.05084745762711865
128,0.6124401913875598,0.05649717514124294,0.05084745762711865
129,0.6172248803827751,0.05649717514124294,0.05084745762711865
130,0.6220095693779905,0.05649717514124294,0.05084745762711865
131,0.6267942583732058,0.05649717514124294,0.05084745762711865
132,0.631578947368421,0.05649717514124294,0.05084745762711865
133,0.6363636363636364,0.05649717514124294,0.05084745762711865
134,0.6411483253588517,0.05084745762711865,0.05084745762711865
135,0.645933014354067,0.05084745762711865,0.04519774011299435
136,0.6507177033492823,0.05084745762711865,0.04519774011299435
137,0.6555023923444976,0.05084745762711865,0.04519774011299435
138,0.6602870813397129,0.05084745762711865,0.04519774011299435
139,0.6650717703349283,0.05084745762711865,0.04519774011299435
140,0.6698564593301436,0.05084745762711865,0.04519774011299435
141,0.6746411483253588,0.05084745762711865,0.04519774011299435
142,0.6794258373205742,0.05084745762711865,0.04519774011299435
143,0.6842105263157895,0.05084745762711865,0.04519774011299435
144,0.6889952153110048,0.05084745762711865,0.04519774011299435
145,0.69377990430622,0.05084745762711865,0.04519774011299435
146,0.6985645933014354,0.05084745762711865,0.03954802259887006
147,0.7033492822966507,0.05084745762711865,0.03954802259887006
148,0.7081339712918661,0.05084745762711865,0.03954802259887006
149,0.7129186602870813,0.05084745762711865,0.03954802259887006
150,0.7177033492822966,0.05084745762711865,0.03954802259887006
151,0.722488038277512,0.05084745762711865,0.03954802259887006
152,0.7272727272727273,0.05084745762711865,0.03954802259887006
153,0.7320574162679426,0.04519774011299435,0.03954802259887006
154,0.7368421052631579,0.03954802259887006,0.03954802259887006
155,0.7416267942583732,0.03954802259887006,0.03389830508474576
156,0.7464114832535885,0.03954802259887006,0.03389830508474576
157,0.7511961722488039,0.03954802259887006,0.03389830508474576
158,0.7559808612440191,0.03954802259887006,0.03389830508474576
159,0.7607655502392344,0.03954802259887006,0.03389830508474576
160,0.7655502392344498,0.03954802259887006,0.03389830508474576
161,0.7703349282296651,0.03954802259887006,0.03389830508474576
162,0.7751196172248804,0.03954802259887006,0.03389830508474576
163,0.7799043062200957,0.03954802259887006,0.03389830508474576
164,0.784688995215311,0.03954802259887006,0.03389830508474576
165,0.7894736842105263,0.03954802259887006,0.03389830508474576
166,0.7942583732057417,0.03954802259887006,0.03389830508474576
167,0.7990430622009569,0.03954802259887006,0.03389830508474576
168,0.8038277511961722,0.03954802259887006,0.03389830508474576
169,0.8086124401913876,0.03954802259887006,0.03389830508474576
170,0.8133971291866029,0.03954802259887006,0.03389830508474576
171,0.8181818181818182,0.03954802259887006,0.03389830508474576
172,0.8229665071770335,0.03954802259887006,0.03389830508474576
173,0.8277511961722488,0.03954802259887006,0.03389830508474576
174,0.8325358851674641,0.03954802259887006,0.03389830508474576
175,0.8373205741626795,0.03954802259887006,0.03389830508474576
176,0.8421052631578947,0.03954802259887006,0.03389830508474576
177,0.84688995215311,0.03954802259887006,0.03389830508474576
178,0.8516746411483254,0.03954802259887006,0.03389830508474576
179,0.8564593301435407,0.03954802259887006,0.03389830508474576
180,0.861244019138756,0.03954802259887006,0.03389830508474576
181,0.8660287081339713,0.03954802259887006,0.03389830508474576
182,0.8708133971291866,0.03954802259887006,0.03389830508474576
183,0.8755980861244019,0.03954802259887006,0.03389830508474576
184,0.8803827751196173,0.03954802259887006,0.03389830508474576
185,0.8851674641148325,0.03954802259887006,0.03389830508474576
186,0.8899521531100478,0.03954802259887006,0.03389830508474576
187,0.8947368421052632,0.03954802259887006,0.03389830508474576
188,0.8995215311004785,0.03954802259887006,0.03389830508474576
189,0.9043062200956937,0.03954802259887006,0.03389830508474576
190,0.9090909090909091,0.03954802259887006,0.03389830508474576
191,0.9138755980861244,0.03954802259887006,0.03389830508474576
192,0.9186602870813397,0.03954802259887006,0.03389830508474576
193,0.9234449760765551,0.03954802259887006,0.03389830508474576
194,0.9282296650717703,0.03954802259887006,0.03389830508474576
195,0.9330143540669856,0.03954802259887006,0.022598870056497175
196,0.937799043062201,0.03954802259887006,0.022598870056497175
197,0.9425837320574163,0.03954802259887006,0.01694915254237288
198,0.9473684210526315,0.03954802259887006,0.01694915254237288
199,0.9521531100478469,0.02824858757062147,0.01694915254237288
200,0.9569377990430622,0.01694915254237288,0.01694915254237288
201,0.9617224880382775,0.01694915254237288,0.01694915254237288
202,0.9665071770334929,0.01694915254237288,0.01694915254237288
203,0.9712918660287081,0.01694915254237288,0.01694915254237288
204,0.9760765550239234,0.01694915254237288,0.01694915254237288
205,0.9808612440191388,0.01694915254237288,0.011299435028248588
206,0.9856459330143541,0.011299435028248588,0.011299435028248588
207,0.9904306220095693,0.011299435028248588,0.011299435028248588
208,0.9952153110047847,0.011299435028248588,0.005649717514124294
209,1.0,0.005649717514124294,0.005649717514124294
