,z1,z2,z3,z4,z5,z6,z7,z8,z9,z10,z11,z12,z13,z14
AETUC-0A-A76,-0.4138386058011321,0.6203016849643086,-0.1885445361496444,0.005572170672663029,-0.01793022772469754,0.06193871545784923,-0.00279388187129453,0.3759578690202791,4.451071682529355e-15,1.1901218734839795e-15,-0.23828177312277055,0.32148756045157045,-0.002292638826351058,0.3205239508487553
AETUC-0A-A97,-0.45743675072450063,0.6648776437631213,-0.2001875026136154,0.0055273982934327835,-0.01731873428695581,0.05896087068620712,-0.002607160081248194,0.3464054054683491,4.064284865259947e-15,1.0263435188038782e-15,-0.20954422297843492,0.27309485826772006,-0.001924991602596881,0.25750851624113275
AETUCCF-2A-A79,-0.3949519238183803,0.6006451027283115,-0.18335635740537223,0.005576659454722721,-0.01813072436131701,0.06297311219133574,-0.002861103558004829,0.38673041629195015,4.587308415787985e-15,1.2137800698978176e-15,-0.24897444120279386,0.3395807406762196,-0.0024301979962575056,0.34411566516568004
AGRPRI-1A-A19,-0.059958431066587735,-0.6044755637669443,-0.7417957795340858,0.015681909720968393,-0.05799922628153408,0.27530299401698904,0.019390679445795003,0.020617736340157018,-2.1222000485191346e-15,-3.308514362416393e-16,-0.0005037816296577765,-0.002424502087587049,-0.0006956844526366363,-0.023324328013733523
AGRPRI-1A-D10,-0.0612072519681708,-0.6081764817578316,-0.7431358100538544,0.015265642495273422,-0.055880296596330536,0.2638054869585538,0.01844732256242411,0.019527096963381316,-1.9376407517764902e-15,-4.32122544137975e-16,-0.00046972560702578635,-0.002236194303460428,-0.0006393992681332122,-0.021165622050222065
ANF-0A-A14,-0.059958431066588776,-0.6044755637669451,-0.7417957795340865,0.015681909720969132,-0.05799922628153304,0.2753029940169855,0.01939067944579457,0.02061773634015741,-2.204579429550094e-15,-3.58610685016483e-16,-0.0005037816296578103,-0.0024245020875878704,-0.0006956844526371264,-0.023324328013733527
ARQ-0A-A84,-0.13905672768082297,0.24690631714971537,-0.07976789150874126,0.0046842201199526635,-0.027096656752591756,0.17618637692314426,0.027755928488006367,-0.91949902316808,-1.2654526125084552e-14,4.386514953331963e-15,0.13960053979657944,-0.11106938821965441,0.00068411700636984,-0.05887051455154126
ARQ-0A-A85,-0.14906641238129079,0.26086646157219023,-0.08391645264043221,0.004788379977511342,-0.027414945402140217,0.17728842731991443,0.02772881099476826,-0.9144988133916933,-1.2715371247474184e-14,4.08218752096355e-15,0.13668604576063387,-0.10757628117931156,0.0006602758251075083,-0.056098971744851546
ARQ-0B-A87,-0.17584853184086535,0.298411745741885,-0.09508872488292215,0.005069251667254548,-0.02826029074391895,0.18011130710135367,0.027615302340957038,-0.8992646546174656,-1.2103908412605346e-14,1.2346856403941413e-15,0.12828265665923003,-0.09752697950651648,0.0005916671936636216,-0.04809998121354034
ARQ-0D-A88,-0.14906641238129115,0.2608664615721916,-0.08391645264043218,0.004788379977511011,-0.0274149454021405,0.17728842731991637,0.02772881099476967,-0.914498813391692,-1.2722970716431786e-14,2.8722220281951407e-15,0.13668604576063548,-0.10757628117931271,0.000660275825108086,-0.05609897174485334
ARQ-0D-A89,-0.1390567276808232,0.2469063171497162,-0.07976789150874171,0.004684220119952371,-0.027096656752591805,0.17618637692314593,0.027755928488008022,-0.9194990231680786,-1.2920338079293533e-14,2.565827036520297e-15,0.1396005397965813,-0.11106938821965624,0.0006841170063704362,-0.05887051455154427
ARQ-0D-A90,-0.17584853184086474,0.2984117457418842,-0.09508872488292185,0.005069251667254719,-0.028260290743919655,0.18011130710135445,0.027615302340957118,-0.899264654617466,-1.2453862160389007e-14,1.8295476078920808e-15,0.1282826566592303,-0.0975269795065163,0.0005916671936644236,-0.048099981213541386
ARQ-0G-A93-CEPAUC,-0.17584853184086474,0.2984117457418864,-0.09508872488292194,0.005069251667254753,-0.02826029074392025,0.18011130710135428,0.027615302340957736,-0.8992646546174653,-1.2435066287882175e-14,1.3456593808850706e-15,0.1282826566592302,-0.09752697950651708,0.0005916671936639471,-0.04809998121354205
ARQ-1C-A86,-0.17584853184086585,0.29841174574188584,-0.09508872488292117,0.005069251667254541,-0.02826029074391952,0.18011130710135406,0.02761530234095789,-0.8992646546174652,-1.3129893720887833e-14,2.0835988535815488e-15,0.12828265665922992,-0.09752697950651702,0.0005916671936651289,-0.04809998121354184
ARQ-1C-A96,-0.17584853184086452,0.29841174574188545,-0.09508872488292094,0.005069251667254694,-0.028260290743918386,0.1801113071013539,0.027615302340957118,-0.8992646546174657,-1.2182264657619722e-14,2.002307689251648e-15,0.12828265665923008,-0.09752697950651668,0.0005916671936628723,-0.0480999812135418
ARQ-1E-A91,-0.1490664123812913,0.26086646157219057,-0.08391645264043203,0.004788379977509229,-0.027414945402139176,0.17728842731991437,0.02772881099476905,-0.9144988133916931,-1.3075636414253905e-14,2.0200920547873784e-15,0.1366860457606333,-0.10757628117931306,0.0006602758251073125,-0.0560989717448525
ARQ-1E-A92,-0.13905672768082314,0.24690631714971556,-0.07976789150874171,0.004684220119950118,-0.027096656752590067,0.17618637692314407,0.027755928488007814,-0.9194990231680796,-1.3073719098011893e-14,1.2758680641391081e-15,0.13960053979658016,-0.11106938821965524,0.0006841170063697124,-0.05887051455154252
ART-0A-A15,-0.059958431066587034,-0.6044755637669448,-0.7417957795340864,0.01568190972096858,-0.05799922628153403,0.27530299401698644,0.01939067944579473,0.020617736340157972,-2.0076317403797284e-15,-9.688355607446107e-16,-0.0005037816296590804,-0.002424502087586362,-0.0006956844526382854,-0.02332432801373417
AUL1-2A-A110,-0.16951652538344186,-0.37749404983716855,0.4992021414011017,0.006616968522431233,-0.022329717336332308,0.09522433221502503,0.005281656888744971,-0.0022680027401384153,-8.7724220959477145e-16,7.0594994165165935e-15,-0.003168029437296051,0.017666881750942637,0.001956968535872891,0.7547122056800064
AUL1-2A-A111,-0.16951652538344203,-0.3774940498371697,0.4992021414011012,0.006616968522431434,-0.022329717336329893,0.09522433221502581,0.0052816568887446924,-0.0022680027401376485,-1.98775604046732e-15,7.071346655352233e-15,-0.003168029437296347,0.01766688175094325,0.0019569685358741245,0.7547122056800061
AUL1-3A-A104,-0.1695165253834441,-0.37749404983716855,0.49920214140110014,0.006616968522431483,-0.022329717336330584,0.09522433221502503,0.0052816568887445615,-0.0022680027401399553,-1.7129237831372108e-15,7.379099305712952e-15,-0.0031680294372956118,0.01766688175094259,0.0019569685358730876,0.7547122056800071
AUL1-3A-A112,-0.1695165253834424,-0.3774940498371692,0.4992021414011012,0.006616968522431485,-0.02232971733632949,0.09522433221502526,0.005281656888743381,-0.0022680027401391885,-1.2622115530620486e-15,7.621242589340773e-15,-0.003168029437296849,0.017666881750942987,0.001956968535873997,0.7547122056800065
AUL2-01A-A124-SUBLAB2,-0.12257781188004953,-0.3052648897994747,0.41999308622248716,0.008315301741974288,-0.0363498389608487,0.18778830507670347,0.015067583588946937,-0.009297399992822815,-2.739400820584686e-14,-0.6203138970907165,0.015805872067195168,-0.029646903747392785,-0.0026290184266939804,-0.5408331084349361
AUL2-01A-A24-SUB,-0.12257781188005036,-0.3052648897994748,0.4199930862224865,0.008315301741974966,-0.036349838960847654,0.18778830507670316,0.015067583588946054,-0.009297399992823583,-2.8215500775650818e-14,-0.6203138970907164,0.015805872067195057,-0.029646903747394128,-0.002629018426693353,-0.5408331084349366
AUL2-0A-A106,-0.12257781188005168,-0.3052648897994753,0.41999308622248677,0.008315301741975159,-0.036349838960848126,0.18778830507670244,0.015067583588946202,-0.00929739999282315,-2.860381343037997e-14,-0.6203138970907166,0.015805872067194922,-0.029646903747393857,-0.0026290184266940433,-0.540833108434936
AUL2-0A-A118,-0.12257781188004951,-0.3052648897994733,0.41999308622248627,0.008315301741974361,-0.03634983896084913,0.1877883050767015,0.01506758358894645,-0.00929739999282406,-2.790661884937886e-14,-0.6203138970907175,0.015805872067194752,-0.02964690374739495,-0.002629018426694203,-0.5408331084349371
AUL2-0A-A119,-0.12257781188005183,-0.30526488979947447,0.4199930862224857,0.008315301741975503,-0.036349838960848424,0.18778830507670236,0.015067583588946349,-0.009297399992822721,-2.7930272087598774e-14,-0.6203138970907172,0.015805872067194707,-0.029646903747393615,-0.002629018426695152,-0.5408331084349363
AUL2-0A-A120,-0.12257781188005068,-0.3052648897994739,0.41999308622248716,0.008315301741973797,-0.03634983896084899,0.18778830507670288,0.015067583588946925,-0.009297399992823934,-2.7971753100862774e-14,-0.6203138970907167,0.015805872067195022,-0.02964690374739341,-0.002629018426693936,-0.540833108434936
AUL2-0A-A121,-0.12257781188005103,-0.3052648897994746,0.4199930862224867,0.008315301741974637,-0.03634983896084902,0.18778830507670222,0.015067583588946309,-0.009297399992823406,-2.7863393859451914e-14,-0.6203138970907166,0.01580587206719579,-0.029646903747393497,-0.0026290184266939648,-0.5408331084349365
AUL2-0A-A122,-0.12257781188005147,-0.30526488979947414,0.41999308622248593,0.008315301741974387,-0.036349838960848736,0.18778830507670397,0.015067583588946705,-0.009297399992822857,-2.849033953656608e-14,-0.6203138970907167,0.01580587206719491,-0.02964690374739424,-0.0026290184266948434,-0.5408331084349365
AUL2-0A-A123,-0.12257781188005151,-0.30526488979947447,0.41999308622248543,0.008315301741974732,-0.03634983896084857,0.18778830507670294,0.01506758358894644,-0.009297399992822593,-2.8036859159709075e-14,-0.6203138970907168,0.015805872067195283,-0.029646903747394253,-0.002629018426693324,-0.540833108434937
BAL-AUL1-D4,-0.1821574558410284,-0.39980044415600147,0.5264323383645833,0.006780434040525078,-0.022646548242942852,0.09605127061063541,0.005289234089618477,-0.002261114551453215,-1.670374213553201e-15,7.644334591535455e-15,-0.003109377177305136,0.01715256861782914,0.0018933284855448401,0.7209174849270376
BAL-AUL2-D1,-0.13177324792132142,-0.32343759141477624,0.44308672371150776,0.008524264483263313,-0.03688092104643384,0.1894978106026759,0.015095471721595007,-0.009273015410422202,-2.793110341778308e-14,-0.6130676099615125,0.015519693372883878,-0.028795795621699188,-0.0025445807178534102,-0.5168302575634764
BAL-CENTEC-D2,-0.14252293154489304,-0.3182144100644818,0.4213938972870768,0.00569310916179584,-0.019454598783691386,0.0836561934371347,0.004701777538560708,-0.0020386353867095164,-2.582269631170684e-15,5.676836022489173e-15,-0.002980580538897607,0.01742180593689613,0.001967048253496092,0.832527596976024
BAL-EADM-D3,-0.08351258378290534,-0.20797776770810608,0.28614238795286706,0.005665236821866685,-0.024765240341238944,0.12794066332750348,0.01026558410186434,-0.006334342928415291,3.577690225250019e-14,0.8452429604989105,0.010768581972793071,-0.020198513051696485,-0.0017911571291654624,-0.36847101109080843
BIB-2A-A16,-0.05995843106658719,-0.6044755637669447,-0.7417957795340864,0.01568190972096923,-0.057999226281533096,0.2753029940169868,0.019390679445794954,0.02061773634015753,-2.021294751722719e-15,8.579684127751103e-17,-0.000503781629658274,-0.0024245020875871865,-0.0006956844526364744,-0.023324328013733592
BLOQUED-0A-A21,-0.059958431066587256,-0.6044755637669443,-0.7417957795340864,0.015681909720968955,-0.057999226281532895,0.2753029940169877,0.019390679445794434,0.020617736340156685,-1.2960642836736957e-15,-5.919982048148254e-16,-0.0005037816296584451,-0.0024245020875865485,-0.0006956844526373868,-0.02332432801373384
CB-EADMI-D6,-0.15744152257544183,-0.36121453424936345,0.48397749031026366,0.007752442541625772,-0.03077275260688669,0.15016717681782454,0.011082952216933357,-0.0064578021621445976,3.145331987873248e-14,0.7542929512468951,0.008588464393559418,-0.012752526450618995,-0.0010301054878752395,-0.13260818722511186
CC-ADM-D40,-0.4207401168343265,0.6221757962896494,-0.1884033561787347,0.00545214859664854,-0.01745601790769358,0.060188226079141184,-0.0027110655341792723,0.36475437590824616,2.7361091848601565e-17,1.3811403110110319e-15,-0.23242654369269042,0.31731192060024677,-0.0022763529880640123,0.32962843834032385
CC-AETUC-D30,-0.4733657564523112,0.678118771309049,-0.20329839798897356,0.005454438652635235,-0.01691475901944047,0.05727300117381737,-0.002514323624405263,0.3325787715563839,3.9056790141873385e-15,1.1177385763232974e-15,-0.19805725916205824,0.25533694689996006,-0.0017935018942604234,0.2368790519090509
CC-ARQUITECTURA-D107,-0.18793386311038304,0.31432611110239655,-0.09973016284641174,0.005166229130376652,-0.02850537779031644,0.1806872636329822,0.02750450227308171,-0.8916571537382766,-1.2450771088719713e-14,2.13931368366057e-15,0.1252228338468974,-0.09417278659369949,0.0005693128674489363,-0.04569624100692865
CC-BIBLIOTECA-D112,-0.5062654078084622,0.7122659791931971,-0.21222145563524816,0.005394054599566442,-0.016287477264847184,0.05426683379530678,-0.0023259328011251018,0.30260505007641786,2.4077629351968363e-15,2.1737568819466553e-15,-0.16790196948140937,0.20292651159401517,-0.0013908495897899896,0.16476618978576896
CC-BLOQUE-IQ,-0.5344065086083667,0.729078690060909,-0.21518189777058422,0.005109814357184232,-0.015023724129439508,0.049332100932082935,-0.002072765902126303,0.26626561534218196,3.096228787053836e-15,1.2455986660278684e-15,-0.1410048638245342,0.16461961216973814,-0.0011152360439917533,0.1264132631471818
CC-ECONOMIA-D51,-0.1838386685368023,0.27858028568988114,-0.08520047053029971,0.0027932946780317423,-0.009801757056407009,0.03618455727576381,-0.0018462664327620847,0.27653413835692614,4.455281488848335e-15,6.7870902972011e-15,-0.43330214150640034,-0.7779947363298769,0.00273680876426662,-0.10205618543426624
CC-FILOSOFIA-A-D108,-0.21767231143561652,0.32487891643200156,-0.09891797713833166,0.003182312051109755,-0.011297636461702667,0.04251954636078103,-0.0022999380447517714,0.3721004943768796,1.7302677462027137e-15,-1.5237950281738643e-14,0.8228821895543089,-0.1379552346680237,0.000670707522105216,-0.026659906820082555
CC-FILOSOFIA-B-D111,-0.5062654078084627,0.7122659791931965,-0.21222145563524758,0.005394054599568202,-0.016287477264851313,0.05426683379530802,-0.0023259328011244226,0.30260505007641714,5.547160453638832e-15,3.3193855089185416e-15,-0.16790196948140837,0.2029265115940162,-0.0013908495897905601,0.16476618978577226
CC-JURISPRUDENCIA-D110,-0.4607075252480521,0.6697083593575883,-0.201647169727143,0.005563202210932388,-0.01740901079616888,0.0592060021204511,-0.0026128826493101906,0.3466033013221442,3.6530966513499855e-15,-4.302169893572612e-15,-0.20773393453501685,0.2676526570305,-0.0018771532983598259,0.2445461168042724
CC-MONJAS-D126,-0.18989148911994252,0.29172805579621025,-0.0895515600285718,0.0029677043477857423,-0.010295657986772242,0.037473662328396155,-0.0018466832650474636,0.2664862524176781,3.6145066913937826e-15,-3.1532821047087094e-16,-0.25656640102790834,0.7521882749626685,-0.010315400960585882,-0.40811657539903723
CC-PROMAS-D31,-0.47336575645230905,0.6781187713090514,-0.20329839798897179,0.00545443865264465,-0.01691475901943667,0.05727300117381971,-0.0025143236244056905,0.3325787715563834,5.5980370699130426e-15,3.707620643413881e-15,-0.19805725916204622,0.25533694689995995,-0.0017935018942579384,0.23687905190906006
CC-PSICOLOGIA-D125,-0.5062654078084633,0.712265979193197,-0.21222145563524808,0.005394054599566445,-0.016287477264851562,0.05426683379531007,-0.002325932801124682,0.3026050500764173,2.2151882926199545e-15,5.287516739870248e-16,-0.16790196948140715,0.20292651159401606,-0.0013908495897850068,0.1647661897857677
CC-QUIMICA-D109,-0.4381646823459435,0.6382289282487372,-0.19238143438803784,0.005395387180550928,-0.017080796478928836,0.05855287262484657,-0.0026178180847046257,0.3506599604303973,7.169321665835507e-15,6.990733852294472e-15,-0.22055550591314516,0.2996331027448837,-0.002148886871353723,0.31387421255282466
CCADM-2A-A43,-0.40170002949050154,0.6027022336177993,-0.18329278293283183,0.005458736204758383,-0.01765831411032346,0.06121801105135558,-0.0027774117128982873,0.37535687187696876,1.1722552405573623e-15,1.8113451798259475e-16,-0.24295418047691744,0.33530495781784797,-0.0024139058785054004,0.3540326681505706
CCADM-2A-A44,-0.4017000294905016,0.6027022336177994,-0.18329278293283185,0.00545873620476092,-0.017658314110322013,0.06121801105135571,-0.002777411712896346,0.37535687187696876,-1.706026982649152e-16,2.9207941024693412e-15,-0.24295418047692002,0.3353049578178453,-0.002413905878502565,0.3540326681505713
CCADM-2A-A45,-0.40170002949050115,0.6027022336177987,-0.18329278293283166,0.005458736204758377,-0.017658314110321816,0.061218011051356186,-0.00277741171289636,0.37535687187696837,-1.2696606736967364e-15,1.6302106618433514e-15,-0.24295418047691794,0.33530495781784786,-0.0024139058785042464,0.3540326681505718
CCBIB-1A-A71,-0.4931298908602785,0.7039260275007941,-0.21064014880449433,0.005509788081972415,-0.016809431095342203,0.05631152500017187,-0.0024310424577538097,0.31769850091895996,3.863820839392137e-15,-9.091597585725527e-16,-0.179056287743542,0.2187698709199447,-0.0015047211484903477,0.18054351672173544
CCJ-1A-A10,-0.03562967273800433,-0.22190208961150826,-0.09451007893136006,-0.0307342959917425,0.16579166564477027,-0.9327024620217058,-0.08066950133579984,-0.12029816801857988,8.314966947060386e-15,-1.439622334268479e-15,0.02089293357919421,-0.005766326423901246,0.000866807893915132,0.14402341404785732
CCJ-1A-A11,-0.03562967273800432,-0.22190208961150826,-0.0945100789313599,-0.030734295991742856,0.1657916656447704,-0.9327024620217058,-0.08066950133580045,-0.12029816801857962,7.36657466229946e-15,-1.9781070241856966e-15,0.020892933579194015,-0.005766326423901159,0.000866807893916467,0.1440234140478569
CCJ-CJURIDICO-D4,-0.0378853700237483,-0.23255160630051758,-0.09862091692995797,-0.03116351856125328,0.1663819753303828,-0.9309430021706243,-0.07993864194809627,-0.11867597097181835,8.078523825039765e-15,-1.725767027994959e-15,0.0202912317831268,-0.005539789678184684,0.0008298312271692796,0.13613258043269366
CEA-0A-A108,-0.13038376600789017,-0.2953659070884016,0.3928220030932052,0.005461661354897372,-0.01885719845723496,0.08152984280373336,0.004615440511031696,-0.002010176783191124,-2.6958040167388977e-15,5.76299410816602e-15,-0.00298531626834108,0.017639959874110597,0.0019986952120892377,0.8567776673381088
CEN-1A-A20,-0.05995843106658712,-0.6044755637669443,-0.7417957795340862,0.015681909720968314,-0.05799922628153402,0.2753029940169876,0.019390679445794645,0.020617736340157348,-2.2635076308817233e-15,-4.032451540043016e-16,-0.0005037816296587542,-0.002424502087587168,-0.0006956844526374902,-0.02332432801373341
CENDIA-0A-A19,0.3347248609426202,0.03484993812542557,0.012330318181840447,-0.09119714578306352,0.24856007272769284,0.040501844773837045,0.5091903703575856,0.011476572661221979,0.7180824568909459,-2.975595480836764e-14,-0.00015878442550200234,-0.0016357984502563005,-0.19949219454134506,-0.002118333828422784
CMED-0A-A42,-0.4017000294905011,0.6027022336177985,-0.18329278293283188,0.005458736204760913,-0.017658314110321087,0.06121801105135617,-0.002777411712899258,0.3753568718769683,1.8170902689649873e-16,2.037763327304189e-15,-0.24295418047691825,0.33530495781784797,-0.0024139058785077965,0.3540326681505721
CP-EADMINA1-D6,0.430223638541284,0.05048645548316704,0.018804674044303395,-0.5440540015391184,-0.693130027458951,-0.04266940670012013,-0.1586592444395614,-0.000953234038700957,1.1985594175635158e-14,1.4475060610954226e-15,-4.839094280190355e-05,-0.000708933038756403,-0.09265482235058974,-0.0011694140403480054
CP-ENFERMERIA-D1,0.3104809325401244,0.02948322895283954,0.010095852472278767,-0.05239038859738954,0.10904208878370544,0.014070926469806675,0.09871074766642965,0.0008170386099561447,-7.0726526230431285e-15,3.161658458436814e-15,0.00011700206541151009,0.004417726551999251,0.9369076172768174,-0.015413955407969878
CP-INVESTIGACION-D5,0.357453997478048,0.03668026389411279,0.012922236414361745,-0.09287032206827744,0.25052290385033504,0.040600114825494825,0.5067573586384135,0.011370733451876777,0.7098945544523185,-2.950994218274541e-14,-0.0001548778740620247,-0.001578324630800702,-0.1918073795913154,-0.0020109249627635124
CP-ODONTOLOGIA-D4,0.48158024116333753,0.05791747516660536,0.02196140637438023,0.8245734761283887,-0.2694420477808161,-0.02168453106462057,-0.09136179503667784,-0.0005674824926718264,4.910121390890887e-15,1.5818253886767461e-15,-2.9380355628904976e-05,-0.0004182296188037954,-0.05389991655296757,-0.0006356688136074203
CP-POSGRADO-D2,0.38508214912138106,0.041256090271150334,0.014785852967404495,-0.13943560305488772,0.5635126701130257,0.20663046381746644,-0.6736138150463248,-0.0025502275401074245,2.6698098599266452e-14,-2.7853579819055053e-15,-7.851155463371136e-05,-0.0010086124172352113,-0.12783113179516037,-0.0014796756858109056
CP-TECMEDICO-D3,0.35745399747804846,0.03668026389411276,0.012922236414361415,-0.09287032206827907,0.25052290385032683,0.040600114825484916,0.5067573586383494,0.01137073345189253,-0.7098945544523664,3.3149521286246965e-14,-0.00015487787406611347,-0.0015783246308013052,-0.19180737959131838,-0.002010924962765193
CPAR-C10,0.9445690251686018,0.07978800370539534,0.02629274378560111,-0.09908960132097687,0.17654902404415102,0.02070384516679121,0.1254568113299679,0.000934463861943631,-6.373753913692369e-15,2.5031282345680778e-15,7.951812973978302e-05,0.0014912294706493877,0.2087145879479093,0.0032668873353616516
CREDU-0B-A94,-0.4574367507244977,0.6648776437631235,-0.2001875026136146,0.005527398293443259,-0.017318734286951725,0.058960870686206104,-0.002607160081248469,0.3464054054683461,6.0382099794094185e-15,4.39468531468938e-15,-0.2095442229784233,0.2730948582677228,-0.0019249916025937928,0.25750851624114407
CTBLOQ1-0A-A101,-0.13038376600789012,-0.2953659070884015,0.3928220030932049,0.005461661354897793,-0.01885719845723482,0.08152984280373299,0.004615440511033327,-0.002010176783191086,-2.8234780751313026e-15,5.615697134155384e-15,-0.0029853162683409766,0.017639959874110107,0.0019986952120885425,0.8567776673381091
CTBLOQ2-0A-A102,-0.13038376600789037,-0.2953659070884021,0.3928220030932057,0.005461661354897712,-0.018857198457235227,0.08152984280373318,0.00461544051103265,-0.0020101767831910444,-2.817148908279289e-15,5.118569846869508e-15,-0.0029853162683405317,0.01763995987411125,0.001998695212088547,0.8567776673381085
CTBLOQ3-0A-A103,-0.13038376600789017,-0.29536590708840166,0.39282200309320475,0.005461661354897923,-0.018857198457234863,0.08152984280373327,0.004615440511032224,-0.002010176783191151,-1.9304901701918406e-15,5.468400160144752e-15,-0.002985316268340692,0.01763995987411026,0.0019986952120893534,0.8567776673381091
DAN-1A-A11,-0.059958431066587124,-0.6044755637669444,-0.7417957795340863,0.01568190972096892,-0.05799922628153343,0.27530299401698716,0.019390679445794593,0.020617736340157455,-2.798625182875995e-15,-3.346076809822929e-16,-0.0005037816296580164,-0.002424502087586636,-0.0006956844526374088,-0.02332432801373434
DATCC-2A-C2,-0.5387976277156119,0.7382056473130587,-0.21139982747781394,0.006185193291863546,-0.020091494828026583,0.07580848649217792,0.00011145393276097849,0.2522971602382383,2.8865135286959547e-15,3.766565679784382e-16,-0.1300502661051961,0.14945116692865706,-0.00192689538132976,0.1047114834119532
DATCC-2A-C3,-0.5510846784168209,0.7264611542740471,-0.21935991285801854,0.0036767058214363735,-0.008482319328245216,0.01690209167075893,-0.004173305126904388,0.2513211446238793,2.939477260693822e-15,7.742328507428558e-16,-0.13259612549319086,0.15391482899884007,-6.655230711520159e-05,0.12497480884059521
DT-0A-C12,-0.2592758093075671,-0.523964820952811,0.6922606206280081,0.008589975873966834,-0.029121471654443613,0.1270745199025772,0.0076319528419637045,0.0007389161669060379,-1.264308546511682e-15,3.305086201458681e-15,-0.0021882838335225345,0.010835154452581021,0.000992765107414498,0.4021944870236586
DT-0A-C13,-0.265305157504625,-0.5411999580349215,0.6753529383629979,0.006064962913868092,-0.016228095698554726,0.05704718382807094,0.0018819293508720478,-0.004925998413231881,-1.4965922356999736e-15,3.702101497109333e-15,-0.002609807936104279,0.01288807209503927,0.0015386701865011815,0.4205432002742006
EA-0A-A114,-0.14844180516737912,-0.3455444413732265,0.4649763874288673,0.007664996929025805,-0.030741100456026755,0.15083137613933928,0.011212558276182984,-0.006562625203257182,3.25003719074186e-14,0.7735626996902084,0.008865498840078305,-0.013307572037675231,-0.0010787267067742623,-0.14064944054588488
EA-1A-A115,-0.14844180516737926,-0.3455444413732268,0.4649763874288677,0.007664996929025677,-0.030741100456026613,0.15083137613933936,0.011212558276183207,-0.006562625203257187,3.2848585891733766e-14,0.7735626996902079,0.00886549884007852,-0.013307572037674931,-0.0010787267067750843,-0.14064944054588524
EA-1A-A116,-0.14844180516737926,-0.34554444137322676,0.4649763874288676,0.00766499692902588,-0.03074110045602655,0.15083137613933958,0.011212558276182756,-0.006562625203257197,3.172598558409093e-14,0.7735626996902079,0.008865498840078312,-0.013307572037675098,-0.0010787267067743464,-0.14064944054588516
ECOK1-1A-A101,-0.16842774263335764,0.2589577361649965,-0.07954035868329322,0.0026836754856667633,-0.009514737579988379,0.035316670773458736,-0.001815028472716984,0.27307468100501064,3.826503860946104e-15,6.893336141380894e-15,-0.43462860842157763,-0.7888947530527239,0.0027849281697995792,-0.10518330637778936
ECOK1-1A-A102,-0.1684277426333576,0.25895773616499657,-0.07954035868329344,0.0026836754856668383,-0.009514737579988452,0.03531667077345873,-0.0018150284727170402,0.27307468100501064,4.593999619856681e-15,7.194684169419403e-15,-0.43462860842157763,-0.7888947530527238,0.0027849281697998425,-0.10518330637778928
ECOK2-1A-A52,-0.16842774263335764,0.2589577361649965,-0.07954035868329315,0.0026836754856671774,-0.009514737579988379,0.03531667077345885,-0.0018150284727163626,0.2730746810050106,4.900056210833292e-15,6.704993623856826e-15,-0.4346286084215778,-0.7888947530527239,0.002784928169798939,-0.10518330637778955
ECOK3-0A-A63,-0.17340985335881687,0.2703013512197736,-0.08333169514792226,0.0028420085936360848,-0.009961815561306363,0.036456430269442223,-0.0018095600127473017,0.26230042855410307,3.762715373264229e-15,4.2362090418882863e-16,-0.2565185431642211,0.7602570864757122,-0.010462781807436209,-0.4192598062378612
ENF-2B-A122,0.1981315487904554,0.01997370003112888,0.0069642814839573925,-0.04096820982411671,0.08939532486801476,0.011833118499102345,0.08591087594414677,0.0007266540360236941,-6.485665640470156e-15,3.0638583174757255e-15,0.00011249386393847417,0.00449365291379174,0.9709746529002066,-0.01712628590428195
ENF-2B-A22,0.21888535023885486,0.02174802563581726,0.007550410912478953,-0.043159217818148514,0.09320983721813171,0.01227107310618451,0.0884502168389239,0.0007447917054046987,-6.662700213059718e-15,3.027512060331142e-15,0.00011351184524287247,0.004485356215109009,0.965779916681315,-0.016818820140188127
ENF-3A-A21,0.2824408345849541,0.027212556591765587,0.009358458902492383,-0.04997820508476787,0.10510002826404848,0.013636250697038875,0.09635390045374449,0.0008011079691669738,-6.911721907738057e-15,3.3330341678486297e-15,0.00011652974393296083,0.0044479206326618476,0.9466340154803065,-0.015773837955949877
FILOA-0B-A56,-0.20165736903721357,0.3053754950491001,-0.09338022672981909,0.0030916488037606416,-0.011089567845690604,0.04196423028437342,-0.0022863322978461035,0.37155839207106506,2.2872333450253975e-15,-1.544472537734671e-14,0.83464016873428,-0.1414538391123486,0.0006901394746679605,-0.027784351188900304
FILOA-2A-A55,-0.2016573690372136,0.30537549504910017,-0.09338022672981892,0.0030916488037604378,-0.01108956784569097,0.04196423028437347,-0.002286332297846036,0.3715583920710651,1.1828219163879213e-15,-1.4990468748601224e-14,0.83464016873428,-0.14145383911234863,0.0006901394746679492,-0.027784351188900082
FILOB-1B-A58,-0.4931298908602789,0.7039260275007928,-0.2106401488044945,0.0055097880819734235,-0.016809431095349964,0.0563115250001724,-0.002431042457750975,0.31769850091895924,7.173753761996708e-15,4.687855005139724e-15,-0.17905628774354013,0.21876987091994668,-0.0015047211484898139,0.18054351672173857
FILOB-2A-A57,-0.4931298908602788,0.7039260275007925,-0.2106401488044954,0.005509788081973558,-0.016809431095350137,0.05631152500017288,-0.0024310424577514366,0.31769850091895896,7.823660933163806e-15,3.778695246567171e-15,-0.17905628774354024,0.21876987091994693,-0.0015047211484897568,0.1805435167217388
FORTIGATE-1800F-BALZAY,-0.31212653457828365,-0.5078749825157575,0.46104690834831513,-0.010815748872845582,0.06756027306319057,-0.39195534879584165,-0.034501969336944514,-0.012980994503502964,3.557367256953969e-15,4.160174246815017e-15,-0.020165360568987913,0.04295775991830103,0.006731894868675094,0.5197202988728472
FORTIGATE-1800F-CENTRAL,-0.5280517454109115,0.061436147520114906,-0.08682065349918057,-0.022174271381212193,0.12013821573104003,-0.6631392000688574,-0.05637628528399253,0.12823867369441824,7.781855543192196e-15,1.1156690576339062e-15,-0.10630512882333806,0.1451730483396169,0.013756423142320213,0.45053519694326083
HOS-0A-A10,-0.020539211054202755,-0.13746838615643978,-0.060019419702830215,-0.02456560900578579,0.15049270026898776,-0.9204116222646581,-0.09121230445739237,-0.15100995300242648,7.715860015177158e-15,1.5004092575200698e-15,0.048516988132305684,-0.05496405703499196,-0.04991639170769995,-0.26015167545279894
HOS-0A-A13,-0.020539211054202755,-0.13746838615643978,-0.060019419702830167,-0.024565609005785752,0.15049270026898776,-0.9204116222646581,-0.09121230445739238,-0.15100995300242648,8.3273229067536e-15,2.029242028613209e-16,0.0485169881323057,-0.05496405703499183,-0.04991639170769974,-0.26015167545279894
HOS-0A-D05,-0.021942140183900668,-0.14474258137667786,-0.06292427640462042,-0.025025702637640215,0.15173806578963578,-0.9229912635655423,-0.09081055910004236,-0.14967348819645176,8.152522046216196e-15,5.799069366248417e-16,0.04734110040717831,-0.0530528064355588,-0.04801153903561425,-0.24705356784944707
HOS-1A-A12,-0.02053921105420275,-0.1374683861564398,-0.060019419702830104,-0.02456560900578589,0.15049270026898784,-0.9204116222646581,-0.09121230445739231,-0.15100995300242656,8.235853285009295e-15,3.4435622303739313e-16,0.04851698813230578,-0.05496405703499186,-0.04991639170769993,-0.2601516754527991
HOS-2A-A11,-0.020539211054202748,-0.13746838615643978,-0.06001941970283007,-0.024565609005785777,0.15049270026898792,-0.9204116222646581,-0.0912123044573923,-0.15100995300242645,8.358068998096225e-15,3.1361013169476866e-16,0.048516988132305684,-0.054964057034991874,-0.04991639170769977,-0.26015167545279894
INTERNET-MPLS,-0.05498107288966767,-0.31217744685518345,-0.12921385788988426,-0.034149592357212516,0.16954653061782085,-0.910966653374023,-0.07393840104225309,-0.1058240819943859,7.785735063977994e-15,6.88535008036732e-16,0.01573908898800679,-0.0038515264917163804,0.0005553404273592854,0.07826335608573985
INV-1A-A161,0.33472486094262016,0.03484993812542555,0.012330318181840431,-0.09119714578306344,0.2485600727276928,0.04050184477383709,0.5091903703575857,0.011476572661221976,0.7180824568909462,-2.951185345637118e-14,-0.00015878442550202213,-0.001635798450256349,-0.1994921945413445,-0.002118333828422881
INV-1A-A61,0.33472486094262016,0.03484993812542555,0.012330318181840456,-0.09119714578306341,0.2485600727276927,0.04050184477383704,0.5091903703575857,0.011476572661222005,0.7180824568909462,-2.926775210437472e-14,-0.00015878442550189704,-0.001635798450256233,-0.1994921945413447,-0.0021183338284229544
INV-1B-A162,0.2646712872678319,0.028832606239328522,0.010342820174557088,-0.08426365443746267,0.2383065904081672,0.039616103084526566,0.5117427995461377,0.011733877779775819,0.7404898272336702,-2.9679785756980783e-14,-0.00017277967614660097,-0.0018627947253603832,-0.23064519228749789,-0.0025924651561062594
INV-1B-A62,0.2837587833659935,0.030466645300446876,0.010882098881557282,-0.08614821650199403,0.24113620297466046,0.039868923129732656,0.5113072113984797,0.011671538960106635,0.7349349822018807,-2.9799877424824556e-14,-0.00016919379338659673,-0.0018044374684884734,-0.222635341450723,-0.0024707265775655973
JUR-0A-A59,-0.44428784299047924,0.6552795155566986,-0.19815272276604964,0.0056260093908692245,-0.01778809077449921,0.060825346485830455,-0.0027037798997983867,0.36026970062802577,3.876109981802394e-15,-5.348180760230726e-15,-0.21932961808037144,0.2856776926929502,-0.00201062764097417,0.26529594961729747
JUR-0A-A60,-0.4442878429904792,0.6552795155566987,-0.19815272276604945,0.005626009390869073,-0.017788090774499412,0.060825346485830455,-0.0027037798997983364,0.36026970062802577,3.62383730443302e-15,-5.751817044021724e-15,-0.21932961808037144,0.2856776926929503,-0.0020106276409741514,0.2652959496172976
JUR-1A-A61,-0.4442878429904792,0.6552795155566986,-0.19815272276604945,0.005626009390869174,-0.017788090774499513,0.06082534648583061,-0.0027037798997981595,0.36026970062802577,4.0274735882240186e-15,-5.449089831178476e-15,-0.2193296180803714,0.2856776926929503,-0.002010627640974057,0.2652959496172976
JUR-1A-A62,-0.4442878429904792,0.6552795155566986,-0.19815272276604945,0.005626009390868846,-0.017788090774499613,0.060825346485830455,-0.002703779899798437,0.3602697006280258,3.573382768959145e-15,-5.146362618335227e-15,-0.21932961808037119,0.2856776926929505,-0.0020106276409740252,0.26529594961729724
LAB-1A-A18,-0.05995843106658714,-0.6044755637669446,-0.7417957795340864,0.015681909720968924,-0.05799922628153346,0.2753029940169873,0.019390679445794565,0.02061773634015739,-2.0178739272506453e-15,-3.3460768098229295e-16,-0.0005037816296581195,-0.0024245020875869627,-0.0006956844526372544,-0.023324328013733412
LABMAC-1A-A13,-0.059958431066587145,-0.6044755637669447,-0.7417957795340863,0.015681909720969018,-0.057999226281533395,0.27530299401698727,0.019390679445794562,0.020617736340157497,-1.9320770859731342e-15,-2.4023115557703085e-16,-0.0005037816296580852,-0.0024245020875869627,-0.0006956844526371515,-0.023324328013733485
LAC-0A-A17,-0.05995843106658714,-0.6044755637669446,-0.7417957795340864,0.015681909720969014,-0.05799922628153342,0.2753029940169873,0.019390679445794527,0.020617736340157355,-1.9320770859731342e-15,-2.5739052383253303e-16,-0.0005037816296580851,-0.0024245020875868595,-0.0006956844526372458,-0.02332432801373362
MEDADM-0F-A16,0.4112181911489859,0.04896149598028718,0.01831524148323111,-0.5453264232061973,-0.7019543694605103,-0.043448459732860864,-0.1627255460953181,-0.0009820497998796628,1.2245537161809377e-14,1.2593248739126986e-15,-5.063990063767912e-05,-0.00074997867148468,-0.0983646070334525,-0.001257410486899162
MEDADM-0G-A17,0.4112181911489858,0.048961495980287144,0.018315241483231135,-0.5453264232061974,-0.7019543694605102,-0.043448459732860996,-0.16272554609531834,-0.0009820497998796482,1.2245537161809376e-14,1.0589777348811328e-15,-5.0639900637736354e-05,-0.0007499786714847371,-0.09836460703345246,-0.0012574104868991044
MEDADM-1A-A11,0.41121819114898583,0.048961495980287165,0.01831524148323114,-0.5453264232061974,-0.7019543694605103,-0.043448459732860885,-0.1627255460953182,-0.000982049799879641,1.2245537161809377e-14,1.2307038540510464e-15,-5.0639900637679115e-05,-0.0007499786714846513,-0.09836460703345253,-0.0012574104868992191
MEDADM-1B-A12,0.4112181911489859,0.04896149598028719,0.018315241483231114,-0.5453264232061974,-0.70195436946051,-0.04344845973286081,-0.1627255460953182,-0.0009820497998796484,1.2274158181671032e-14,1.2020828341893944e-15,-5.063990063767913e-05,-0.0007499786714846515,-0.09836460703345237,-0.0012574104868993052
MEDADM-1C-A13,0.4112181911489859,0.04896149598028718,0.01831524148323111,-0.5453264232061974,-0.70195436946051,-0.043448459732860746,-0.1627255460953182,-0.0009820497998796413,1.2417263280979291e-14,1.2307038540510464e-15,-5.0639900637564636e-05,-0.0007499786714846228,-0.09836460703345244,-0.0012574104868990762
MEDADM-1D-A14,0.4112181911489859,0.04896149598028718,0.01831524148323117,-0.5453264232061974,-0.70195436946051,-0.043448459732860864,-0.1627255460953182,-0.0009820497998796198,1.227415818167103e-14,1.287945893774351e-15,-5.063990063762188e-05,-0.0007499786714846228,-0.09836460703345261,-0.0012574104868992477
MEDADM-1E-A15,0.4112181911489858,0.048961495980287165,0.01831524148323108,-0.5453264232061973,-0.7019543694605104,-0.043448459732860906,-0.16272554609531797,-0.0009820497998796482,1.2274158181671027e-14,1.1734618143277418e-15,-5.063990063767911e-05,-0.0007499786714846512,-0.09836460703345237,-0.0012574104868993048
MEDADM-1H-A18,0.41121819114898595,0.0489614959802872,0.018315241483231173,-0.5453264232061974,-0.70195436946051,-0.04344845973286087,-0.16272554609531806,-0.0009820497998796487,1.2159674102224424e-14,1.2879458937743513e-15,-5.063990063762189e-05,-0.0007499786714845658,-0.09836460703345248,-0.0012574104868992482
MICRORED-1A-A109,-0.12257781188005144,-0.3052648897994747,0.4199930862224865,0.008315301741974762,-0.036349838960848334,0.1877883050767029,0.01506758358894631,-0.009297399992823129,-2.8241334282957197e-14,-0.6203138970907167,0.015805872067194814,-0.029646903747393646,-0.0026290184266938863,-0.5408331084349364
MON-0A-A103,-0.17340985335881687,0.2703013512197736,-0.08333169514792248,0.0028420085936359404,-0.009961815561306016,0.036456430269441994,-0.001809560012747186,0.26230042855410324,3.416116451655187e-15,-6.931978432180832e-16,-0.2565185431642209,0.7602570864757121,-0.010462781807438058,-0.41925980623786124
MON-0A-A104,-0.17340985335881684,0.27030135121977356,-0.0833316951479224,0.00284200859363593,-0.009961815561305976,0.03645643026944192,-0.001809560012747234,0.26230042855410324,3.4931384342349734e-15,-4.2362090418882853e-16,-0.25651854316422074,0.7602570864757122,-0.010462781807438192,-0.4192598062378612
MON-1B-A67,-0.13575106012608892,0.21821216442582114,-0.06791359429144242,0.002479125694499204,-0.008924371953534424,0.03313919519199046,-0.0016779647850029625,0.24633324549445668,3.3780161757439892e-15,-8.195423404321533e-16,-0.25240816849749165,0.7744272679680679,-0.010782599686406,-0.4515664106090252
MON-1B-A68,-0.12324167543244813,0.20099954266607944,-0.06282606649548016,0.0023602031932231722,-0.008584364410225486,0.03205059176143149,-0.001634592540042114,0.24104232779376508,3.4431755738765194e-15,-6.161577118351598e-16,-0.25088140971817047,0.7781452075445481,-0.010872530383933003,-0.46117602169340294
MON-1C-A105,-0.17340985335881687,0.27030135121977367,-0.08333169514792241,0.0028420085936359594,-0.009961815561306209,0.0364564302694419,-0.0018095600127472342,0.2623004285541033,3.4064887038327135e-15,-6.931978432180832e-16,-0.25651854316422085,0.7602570864757121,-0.010462781807438213,-0.41925980623786124
MON-1C-A106,-0.1734098533588169,0.27030135121977367,-0.08333169514792227,0.0028420085936359694,-0.009961815561305942,0.03645643026944201,-0.0018095600127472826,0.2623004285541033,3.579788164637235e-15,-6.931978432180833e-16,-0.2565185431642208,0.7602570864757122,-0.010462781807438155,-0.4192598062378611
ODO-0B-A152,0.406855577817588,0.05194527067710492,0.0200560952234567,0.8536456712707388,-0.2924414506540093,-0.024142345962984972,-0.10526918090979909,-0.0006681754148754085,7.612360929848707e-15,2.5036865388073738e-15,-3.739773229108508e-05,-0.0005632074548411725,-0.07395237568265417,-0.0009350458583526043
ODO-0B-A52,0.4237296143600976,0.05332032756925292,0.02049869136255887,0.8477927586398992,-0.2874559842989372,-0.02360197147404823,-0.10217331417796266,-0.0006456291276762305,6.8193922257920465e-15,1.990255134319271e-15,-3.557485183747862e-05,-0.0005299700062205483,-0.0693438402876263,-0.0008656667357146225
ODO-0C-A153,0.3635244771644967,0.047955217409724395,0.018710937859918324,0.8644372679124166,-0.30690610922483297,-0.025861699076528404,-0.11611018506510402,-0.0007514383353641489,6.072979250093329e-15,1.1815262804372449e-15,-4.543005437785108e-05,-0.0007293693276647281,-0.09799818583758822,-0.001362611076568473
ODO-0C-A154,0.4636560280598185,0.05657683126608275,0.02154548072796125,0.8325169692828025,-0.274858226435487,-0.022241138618414525,-0.09438526094647486,-0.000588891977979487,5.221227307738283e-15,1.3850324060870203e-15,-3.09695582593385e-05,-0.00044566413297111174,-0.05763789712559168,-0.0006884761189267188
ODO-0C-A53,0.37936826814956187,0.04932436007034571,0.019162585700043307,0.8602493288244376,-0.3022851121736431,-0.02533405249125711,-0.11292376623817232,-0.0007275532260262799,5.673411364383887e-15,1.3895312395744643e-15,-4.330318977672712e-05,-0.0006877161014283626,-0.09207730413174992,-0.0012640624593138455
ODO-0C-A54,0.36352447716449654,0.04795521740972437,0.01871093785991833,0.8644372679124164,-0.3069061092248331,-0.025861699076528577,-0.1161101850651043,-0.000751438335364106,5.878088317237698e-15,1.059719447402477e-15,-4.5430054377863246e-05,-0.0007293693276648527,-0.0979981858375884,-0.0013626110765681558
ODO-1A-A151,0.4636560280598184,0.05657683126608276,0.021545480727961246,0.8325169692828026,-0.27485822643548663,-0.022241138618414424,-0.09438526094647491,-0.0005888919779795271,5.221227307738283e-15,1.352822350131508e-15,-3.096955825951565e-05,-0.00044566413297127675,-0.05763789712559184,-0.0006884761189265899
ODO-1A-A51,0.4636560280598184,0.056576831266082775,0.021545480727961214,0.8325169692828025,-0.274858226435487,-0.022241138618414584,-0.09438526094647486,-0.0005888919779795353,5.156807195827259e-15,1.2239821263094596e-15,-3.096955825951565e-05,-0.00044566413297126667,-0.0576378971255917,-0.0006884761189266543
PE1-BALZAY,-0.1865734285361528,-0.3855352677666107,0.08032247253270282,-0.029499309917091914,0.15076637720114208,-0.8144853818508672,-0.06599862652398869,-0.0615429910152858,7.453974411215152e-15,2.1674188595637976e-15,-0.009465988083161332,0.03207347409467346,0.009641570814404634,0.3372824268252194
PE1-CENTRAL,-0.19414515810872388,-0.4114898066730739,-0.21889227081733265,-0.028174822782234703,0.14748448865679734,-0.8029771663934313,-0.0657359019665021,-0.04423269604410036,6.518000698901012e-15,5.737698358924534e-16,-0.017515013419599906,0.03986429770916671,0.009290854244789386,0.26361363294587686
PE2-BALZAY,-0.2199978011088322,-0.49539634201933563,0.20034985001900338,-0.023281472802456994,0.12586295276297055,-0.697199513759844,-0.05839325694275259,-0.06091035279345074,5.0911471117964994e-15,1.956058587361333e-15,-0.005640870420460393,0.027285689659281163,0.006263003163760191,0.39450893596439274
PE2-CENTRAL,-0.2127888753817478,-0.16529368469473077,-0.13157540752522626,-0.0382137029825915,0.17515182187151193,-0.8843267709740349,-0.0639877692804551,-0.006961510883464108,8.126899174013281e-15,2.4377438095348527e-15,-0.04117290654806122,0.06909707928166177,0.026707150368992204,0.2908414259617995
POS-0A-A131,0.3639968067926493,0.039567080246244196,0.014241618893109962,-0.13821473622651398,0.5643700918980242,0.20807421690161268,-0.6832308670896259,-0.002598238646571047,2.7270981395986128e-14,-3.1887647478478933e-15,-8.125095527653677e-05,-0.0010551984490144673,-0.13420651687256685,-0.0015734083446113261
POS-0A-A31,0.3639968067926493,0.039567080246244155,0.014241618893110002,-0.13821473622651403,0.5643700918980243,0.20807421690161276,-0.683230867089626,-0.0025982386465710668,2.7218706564054195e-14,-3.1887647478478933e-15,-8.12509552765629e-05,-0.0010551984490144706,-0.1342065168725665,-0.0015734083446113784
POS-1B-A32,0.3639968067926493,0.03956708024624417,0.014241618893109936,-0.13821473622651378,0.5643700918980247,0.20807421690161293,-0.6832308670896259,-0.0025982386465710798,2.6898523218471107e-14,-3.0580776680180617e-15,-8.125095527653677e-05,-0.0010551984490144118,-0.1342065168725665,-0.0015734083446114306
POS-2C-A133,0.2984289934982532,0.03394223796765314,0.012386500675854503,-0.13241524051007425,0.5610392651700933,0.21102786135104695,-0.7119731538989965,-0.002754437792217947,2.7557474659740555e-14,-4.17926540527589e-15,-9.167223292933364e-05,-0.0012459308286361806,-0.16088541833906994,-0.001996570068178656
POS-2C-A33,0.3168433930946586,0.035517498192020734,0.012905756959139817,-0.13406182645901407,0.5621869753102855,0.21031183250888486,-0.7044577528406224,-0.002713193011862285,2.750745850213698e-14,-3.7901837416923746e-15,-8.889774391896515e-05,-0.0011951761729087262,-0.1537898032578669,-0.0018843322132404746
POSLAB-0D-A34,0.3639968067926494,0.03956708024624419,0.014241618893109917,-0.1382147362265141,0.5643700918980245,0.20807421690161276,-0.6832308670896257,-0.002598238646571038,2.694426369641156e-14,-2.8489783402903323e-15,-8.125095527640611e-05,-0.0010551984490143533,-0.13420651687256652,-0.001573408344611405
POST-1A-A64,-0.10110549266611449,0.16379933905969915,-0.05121193455678449,0.0020363911358087373,-0.007961643345895787,0.031722041270325595,-0.001865448496841992,0.31960679480609994,9.19409623626306e-16,-1.576405036563454e-14,0.9034821626954525,-0.19133757785753142,0.0010212312208843994,-0.06486800422820106
POST-1A-A65,-0.0743974806574731,0.12611265075123745,-0.03997610633730913,0.0017509948201175594,-0.007103494099482404,0.028875046587400047,-0.0017446946989645151,0.30409548563866073,6.680201396382067e-16,-1.5855256216533222e-14,0.9148901585772847,-0.20276831799959644,0.0010987710329698505,-0.07387775374614755
POST-2A-A66,-0.06812562372348713,0.11716898419012495,-0.03730109180216544,0.0016814099254459855,-0.006891922816374354,0.028167914080381547,-0.001714288888851995,0.3001360449437858,6.287209576904251e-16,-1.5990076024875402e-14,0.9172166506900183,-0.20550292500937092,0.0011175121354103708,-0.076102104956005
PRO-1A-A73,-0.4138386058011325,0.6203016849643115,-0.18854453614963965,0.005572170672680912,-0.017930227724691657,0.06193871545785352,-0.0027938818712953234,0.37595786902027867,7.389201101361008e-15,3.75277462158464e-15,-0.23828177312274862,0.3214875604515689,-0.002292638826345909,0.3205239508487695
PRO-3A-A74,-0.39495192381838073,0.6006451027283167,-0.18335635740536485,0.005576659454742914,-0.018130724361310115,0.06297311219134416,-0.0028611035580059277,0.38673041629194727,8.15376831446208e-15,4.79719030226186e-15,-0.24897444120276602,0.33958074067621924,-0.002430197996252026,0.3441156651656962
PSIC-1A-A53,-0.4931298908602794,0.7039260275007932,-0.21064014880449564,0.005509788081971273,-0.016809431095350384,0.056311525000174306,-0.0024310424577521,0.3176985009189597,8.984205846619421e-16,-3.1252366700931523e-16,-0.17905628774353766,0.21876987091994715,-0.001504721148484957,0.18054351672173463
PSIC-2B-A54,-0.49312989086027953,0.7039260275007932,-0.21064014880449516,0.005509788081971309,-0.016809431095350307,0.05631152500017462,-0.0024310424577512406,0.31769850091895974,8.94869179355018e-16,-1.9887869718774608e-16,-0.17905628774353757,0.21876987091994735,-0.0015047211484844455,0.18054351672173471
QUI-0A-A78,-0.41971930597696877,0.6202971852568879,-0.1877818119801683,0.005419767744601056,-0.017335876876138266,0.059751596702352784,-0.0026907499890859686,0.3620459357789437,7.059027617240654e-15,8.768402526668753e-15,-0.23130775466675818,0.31767059424200494,-0.002286272085429117,0.33822673877066317
QUI-1A-A83,-0.4197193059769688,0.6202971852568879,-0.18778181198016838,0.005419767744600806,-0.017335876876137482,0.05975159670235269,-0.0026907499890859625,0.36204593577894356,7.219861087498845e-15,7.148154233697352e-15,-0.23130775466675807,0.31767059424200506,-0.0022862720854290933,0.3382267387706634
QUI-2A-A81,-0.3489337920685623,0.53956891833483,-0.1656088113239241,0.005265079631962681,-0.017474941229871442,0.061448556841806154,-0.0028432178062471223,0.3891869331509574,9.86702156695365e-15,1.1478205151712186e-14,-0.2646306665951151,0.38034476830903635,-0.0027791477528211405,0.43520280788530036
QUI-2A-A82,-0.3696257708360559,0.5633319573706678,-0.17216063792110411,0.005318481758383573,-0.017471042418919336,0.06110140112969121,-0.0028068359925680227,0.3824912843720796,9.108420737113183e-15,1.1086585094619282e-14,-0.25604050315103577,0.3640248344875941,-0.0026505625988101035,0.40980775918644413
QUIN-1A-A117,-0.06255324190670938,-0.16299633685806578,0.227366213722213,0.004958566651748658,-0.022491906785773327,0.11854536781236327,0.009773143292996406,-0.006134934966498474,3.642072039836725e-14,0.848546472783823,0.01109998301286062,-0.021788816863946618,-0.001961693832448386,-0.42717014740607145
QUIN-1A-A128,-0.05745865749925353,-0.1519096085681141,0.21281408667114468,0.004776373613875899,-0.021890115134158464,0.11600320065391047,0.009632792937251245,-0.00607395451619264,3.607671293317359e-14,0.8478124888467753,0.011162942253391464,-0.022151592194912983,-0.002001380494826088,-0.4414050236027534
ROUTER-CAMPUS-CENTRO-HISTORICO,-0.47479424586667696,-0.08691930787339454,0.48555500770374127,0.009763532043780528,-0.030503869932104972,0.1179454005560272,0.0032294969136139953,0.1658791998572094,-1.4349702637266565e-15,3.464353370040205e-15,-0.09836566995250212,0.13223022166426437,0.0012542709412267327,0.6794308750826936
ROUTER-CAMPUS-HUAYNA-CAPAC,0.4757228989616968,-0.1791722144297407,-0.09033791633189528,-0.0915014004667394,0.26010641569344156,-0.7831620773773421,0.016651449523240658,-0.07347023119789246,2.0498545605444623e-15,3.5508661972123426e-15,0.0020311834831209835,0.013903292219637278,0.1474747848045447,0.12818745492771638
ROUTER-CAMPUS-MUSEO,-0.48029410301813746,-0.06873996749040882,0.48336954966396045,0.010772525150488679,-0.03514625481929868,0.14134100815285644,0.004852170848783961,0.1717784845603756,1.860226981666072e-15,4.237936554302597e-15,-0.10030868817619668,0.13387529968413686,0.0004259187735814071,0.6723850692168291
ROUTER-CAMPUS-PARAISO,0.157754135639762,-0.17731144155181666,-0.11288312766463174,-0.07082169055978964,0.2365323788553083,-0.8947767337660004,-0.02258602670080742,-0.04643217463274463,4.418249736422198e-15,4.597284799142749e-15,-0.019979214348450056,0.04427706952894783,0.10268866656008728,0.2318886325527245
ROUTER-CAMPUS-YANUNCAY,-0.11017264841340552,-0.6586119600821534,-0.6469237814471026,-0.008359217738045871,0.059074491141046515,-0.3498256700553562,-0.031038273135311108,-0.03717462030132356,3.4853789160453697e-15,-1.4231626723792088e-16,0.0012576502970112308,0.007188562229735824,0.002166747328027014,0.08509373903586122
ROUTER-L2TP-BALZAY,-0.3474782601094802,-0.3623796990143616,0.6207359841429408,0.008949893263999708,-0.028472286747026215,0.11491221499107093,0.004889961510428647,0.06975464253146964,-3.4398757911376687e-16,3.987570800412652e-15,-0.04408837394031344,0.06555582319389355,0.0012211623916009487,0.5808602222912709
SW-ARUBA-CENTRO-HISTORICO,-0.6149251609659447,0.369704010776811,0.1808843913735934,0.008632395730468865,-0.0254142500408186,0.08904031380202862,-0.00041213183533958737,0.2680891962507546,9.416947376301726e-16,2.718787249314238e-15,-0.1511087508762842,0.18982465791667752,0.0008295103213700556,0.5595340181881973
SW-ARUBA-MUSEO,-0.6116268270801681,0.4015449939886132,0.17200829922325717,0.010718538626065617,-0.03527729231694577,0.1394912691466996,0.003238897084530495,0.27385428937000483,3.668718359488968e-15,1.436999147983939e-15,-0.15122432071339043,0.18820876978714846,-0.0009807935392083546,0.5300672015778217
TALL-0A-A12,-0.05995843106658708,-0.6044755637669444,-0.7417957795340867,0.015681909720968973,-0.057999226281533554,0.27530299401698716,0.019390679445794663,0.020617736340157292,-1.9320770859730605e-15,-3.174483127267908e-16,-0.0005037816296582225,-0.0024245020875868087,-0.0006956844526371651,-0.02332432801373342
TEAT-0A-A75,-0.4017000294905014,0.6027022336177995,-0.18329278293283058,0.005458736204760093,-0.017658314110323113,0.061218011051356186,-0.0027774117128971897,0.3753568718769693,-1.719653350198353e-16,1.426434329112934e-15,-0.24295418047691794,0.33530495781784675,-0.0024139058785050548,0.35403266815057144
TECMED-0B-A42,0.33472486094262044,0.03484993812542553,0.01233031818184018,-0.09119714578306494,0.24856007272768454,0.040501844773826935,0.5091903703575203,0.011476572661238008,-0.7180824568909943,3.346629535871373e-14,-0.00015878442550609106,-0.0016357984502569874,-0.19949219454134798,-0.002118333828424615
TECMED-1A-A141,0.2646712872678315,0.028832606239328446,0.010342820174556901,-0.08426365443746388,0.23830659040815957,0.03961610308451686,0.5117427995460699,0.01173387777979199,-0.7404898272337188,3.3713289422872135e-14,-0.0001727796761509636,-0.0018627947253608247,-0.2306451922875004,-0.0025924651561085505
TECMED-1A-A41,0.28375878336599336,0.03046664530044676,0.010882098881556957,-0.08614821650199526,0.2411362029746529,0.03986892312972298,0.511307211398413,0.01167153896012272,-0.7349349822019292,3.395397456826571e-14,-0.00016919379339101217,-0.001804437468488997,-0.22263534145072575,-0.0024707265775678463
TECMED-2C-A43,0.33472486094262066,0.03484993812542555,0.012330318181840093,-0.09119714578306526,0.24856007272768416,0.04050184477382654,0.5091903703575206,0.01147657266123808,-0.7180824568909941,3.344188522351411e-14,-0.000158784425505931,-0.0016357984502568179,-0.19949219454134803,-0.002118333828424519
TECMED-3D-A44,0.33472486094262066,0.03484993812542556,0.01233031818184013,-0.09119714578306522,0.2485600727276842,0.040501844773826685,0.5091903703575206,0.011476572661238037,-0.718082456890994,3.329542441231624e-14,-0.00015878442550599202,-0.0016357984502568727,-0.19949219454134806,-0.00211833382842469
TECQUI-0A-A10,-0.09557337028113337,0.15657049004799792,-0.049061819262506946,0.0019231777624599306,-0.007257098452134519,0.02789880411952432,-0.0015059924596578277,0.2339746191821261,4.125387599639142e-15,6.354207609474747e-15,-0.4214648578322175,-0.8442649471567081,0.0030854367473122906,-0.13393209222683444
TECQUI-0A-A11,-0.08687757828609044,0.1444050776587281,-0.045444700265258375,0.0018332712048048246,-0.006989561634761379,0.02701693789099431,-0.0014689462643769267,0.22924267860520578,4.0220835732038665e-15,6.541393760651926e-15,-0.41945259511373956,-0.8494057769423553,0.003115159134533905,-0.13695761462150116
TECQUI-0A-A12,-0.08687757828609052,0.14440507765872806,-0.04544470026525845,0.0018332712048050354,-0.006989561634761421,0.027016937890994398,-0.0014689462643767569,0.2292426786052057,4.106428191894163e-15,6.457049141961572e-15,-0.41945259511373967,-0.8494057769423553,0.0031151591345338087,-0.13695761462150088
VIN-0A-A72,-0.49312989086027875,0.7039260275007936,-0.21064014880449544,0.005509788081971142,-0.016809431095344766,0.056311525000170136,-0.0024310424577516005,0.31769850091896,1.938982339587554e-15,2.6990680332622655e-15,-0.1790562877435413,0.21876987091994549,-0.0015047211484885141,0.18054351672173577
VLIR-0A-A107,-0.1303837660078906,-0.29536590708840255,0.392822003093204,0.0054616613548979075,-0.018857198457234967,0.08152984280373364,0.00461544051103254,-0.0020101767831910613,-2.2797451046624363e-15,5.3579274296367835e-15,-0.0029853162683401197,0.017639959874109743,0.0019986952120886886,0.8567776673381091
